Titre;URL;Description;Date;Presse;Catégorie
Honda et Nissan : les enjeux du projet de fusion;https://www.lemonde.fr/economie/article/2024/12/23/le-projet-de-fusion-entre-honda-et-nissan-officiellement-lance_6463683_3234.html;Les dirigeants des deux sociétés ont annoncé le début des négociations afin de créer, avant août 2026, une holding chapeautant les groupes. Le patron de Mitsubishi Motors pourrait rejoindre les discussions fin janvier 2025.;2024-12-23;Le Monde;economie
Intelligence artificielle : le philosophe Eric Sadin propose un « contre-sommet de l’IA » à Paris début 2025;https://www.lemonde.fr/economie/article/2024/12/23/intelligence-artificielle-le-philosophe-eric-sadin-propose-un-contre-sommet-de-l-ia-a-paris-en-fevrier_6463918_3234.html;Pendant le sommet international des 10 et 11 février, l’essayiste critique de la technologie, soutenu par le syndicat de journalistes SNJ, veut mettre en avant des professions touchées par l’IA.;2024-12-23;Le Monde;economie
En Chine, comment le site de vente en ligne Temu écrase les prix et les producteurs;https://www.lemonde.fr/economie/article/2024/12/23/en-chine-comment-le-site-de-vente-en-ligne-temu-ecrase-les-prix-et-les-producteurs_6463179_3234.html;La plateforme attire de nouveaux usagers par millions. Elle crée aussi beaucoup de mécontentement dans les petites usines chinoises qui la fournissent. En cause, ses pratiques agressives dans la guerre des prix entre les grands acteurs de l’e-commerce.;2024-12-23;Le Monde;economie
La filière du jouet réclame davantage d’encadrement des plateformes chinoises de commerce en ligne;https://www.lemonde.fr/economie/article/2024/12/23/la-filiere-du-jouet-reclame-davantage-d-encadrement-des-plateformes-chinoises-de-commerce-en-ligne_6463279_3234.html;Face à une déferlante de jouets vendus par l’intermédiaire de places de marché asiatiques, dont beaucoup se révèlent dangereux pour les enfants, la filière se bat pour qu’une faille, en matière de responsabilité, soit comblée au niveau européen.;2024-12-23;Le Monde;economie
Au sein du groupe Bayard, les stigmates de la crise;https://www.lemonde.fr/economie/article/2024/12/23/au-sein-du-groupe-bayard-les-stigmates-de-la-crise_6464297_3234.html;La mobilisation qui a secoué le groupe de presse et d’édition fin novembre a laissé des marques au sein de la rédaction du journal catholique « La Croix ».;2024-12-23;Le Monde;economie
Christophe Castaner nommé conseiller auprès de Shein, le secteur du prêt-à-porter français « profondément indigné »;https://www.lemonde.fr/economie/article/2024/12/23/christophe-castaner-nomme-conseiller-aupres-de-shein-le-secteur-du-pret-a-porter-francais-profondement-indigne_6463884_3234.html;Ministre de l’intérieur au cours du premier mandat d’Emmanuel Macron, il a été nommé au sein du comité responsabilité sociale et environnementale du géant chinois de la fast fashion, ainsi que l’ex-secrétaire d’Etat aux droits des victimes Nicole Guedj et l’ancien patron de la Fédération française de l’assurance Bernard Spitz.;2024-12-23;Le Monde;economie
« La question de la soutenabilité de la dette publique est sur toutes les lèvres »;https://www.lemonde.fr/idees/article/2024/12/23/maxime-menuet-la-question-de-la-soutenabilite-de-la-dette-publique-est-sur-toutes-les-levres_6463617_3232.html;L’économiste Maxime Menuet revient dans une tribune au « Monde » sur les débats que soulève la dette publique française. A partir de quand devient-elle trop lourde ? Les spécialistes du sujet ne s’entendent pas. Réduire les dépenses devient cependant inévitable.;2024-12-23;Le Monde;economie
Honda et Nissan ouvrent des négociations en vue d’une fusion d’ici juin 2025;https://www.lemonde.fr/economie/article/2024/12/23/honda-et-nissan-ouvrent-des-negociations-en-vue-d-une-fusion-d-ici-juin-2025_6463413_3234.html;Ce rapprochement pourrait donner naissance au numéro trois mondial du secteur, après Toyota et Volkswagen.;2024-12-23;Le Monde;economie
Les cadeaux de Noël peuvent-ils être remis en cause à la succession ?;https://www.lemonde.fr/argent/article/2024/12/23/les-cadeaux-de-noel-peuvent-ils-etre-remis-en-cause-a-la-succession_6463175_1657007.html;L’argent ou les bijoux offerts à l’occasion de certains événements ne doivent pas être rapportés à la succession, sauf en cas de doublon.;2024-12-23;Le Monde;economie
Les distributions de cadeaux de Noël des associations bénéficient des dons record des entreprises;https://www.lemonde.fr/societe/article/2024/12/23/les-distributions-de-cadeaux-de-noel-des-associations-beneficient-des-dons-record-des-entreprises_6463141_3224.html;L’Agence du don en nature et Dons solidaires ont vu leurs collectes croître grâce à la loi antigaspillage pour une économie circulaire de 2020, qui interdit la destruction des invendus non alimentaires.;2024-12-23;Le Monde;economie
