Titre;URL;Description;Date;Presse;Catégorie
A Paris, un nombre croissant de jeunes en mal d’hébergement d’urgence;https://www.lemonde.fr/societe/article/2024/12/19/a-paris-un-nombre-croissant-de-jeunes-en-mal-d-hebergement-d-urgence_6457333_3224.html;La préfecture a annoncé, le 10 décembre, l’arrêt d’un dispositif qui accueille une centaine de lycéens parisiens, tandis que 250 jeunes sans abri, qui tentent de faire reconnaître leur minorité, occupent la Gaîté-Lyrique pour obtenir un hébergement adapté.;2024-12-22;Le Monde;societe
De « Charlie » au procès Paty, des lycéens face aux attentats : « On a grandi avec le terrorisme sans forcément tout comprendre »;https://www.lemonde.fr/societe/article/2024/12/18/de-charlie-au-proces-paty-des-lyceens-face-aux-attentats-on-a-grandi-avec-le-terrorisme-sans-forcement-tout-comprendre_6455180_3224.html;Des élèves de terminale de Savigny-sur-Orge ont assisté lors d’une matinée au procès de l’assassinat du professeur d’histoire-géographie et rencontré des victimes des attaques de 2015. L’occasion pour leurs enseignants de mêler éducation à la citoyenneté, connaissance de la justice et enjeux mémoriels.;2024-12-22;Le Monde;societe
Au procès de l’assassinat de Samuel Paty, les avocats de Brahim Chnina et d’Abdelhakim Sefrioui ébranlent la thèse de l’accusation;https://www.lemonde.fr/societe/article/2024/12/18/au-proces-de-l-assassinat-de-samuel-paty-les-avocats-de-brahim-chnina-et-d-abdelhakim-sefrioui-ebranlent-la-these-de-l-accusation_6455949_3224.html;Les défenseurs des deux responsables de la campagne numérique qui a été fatale au professeur ont plaidé l’acquittement, mardi 17 et mercredi 18 décembre, en faisant valoir l’absence d’« intention terroriste ».;2024-12-22;Le Monde;societe
Procès de l’assassinat de Samuel Paty : le verdict établit un continuum entre les mots et le meurtre;https://www.lemonde.fr/societe/article/2024/12/21/assassinat-de-samuel-paty-un-verdict-qui-etablit-un-continuum-entre-islamisme-et-terrorisme-entre-les-mots-et-le-meurtre_6460159_3224.html;Deux amis du terroriste Abdoullakh Anzorov ont été condamnés aux peines les plus lourdes, vendredi, seize ans de réclusion criminelle. Mais le principal enjeu juridique de ce procès résidait dans le sort réservé aux deux responsables de la campagne de haine qui a visé le professeur. En les condamnant à treize et quinze ans de réclusion pour terrorisme, la cour a établi une nouvelle jurisprudence.;2024-12-22;Le Monde;societe
Le dépannage informatique des parents vieillissants : « Ma puce, tu pourrais regarder un truc sur l’ordinateur ? »;https://www.lemonde.fr/intimites/article/2024/12/22/le-depannage-informatique-des-parents-vieillissants-ma-puce-tu-pourrais-regarder-un-truc-sur-l-ordinateur_6462366_6190330.html;A mesure que le tout-numérique s’installe dans nos vies, des impôts aux rendez-vous médicaux en passant par la réservation des vacances, les plus jeunes s’improvisent conseillers de leurs parents et grands-parents.;2024-12-22;Le Monde;societe
« Métisse, il m’a fallu du temps pour m’autoriser à me penser noire »;https://www.lemonde.fr/campus/article/2024/12/22/metisse-il-m-a-fallu-du-temps-pour-m-autoriser-a-me-penser-noire_6462331_4401467.html;« Premières fois » : récits de moments charnières autour du passage à l’âge adulte. Cette semaine, Naïs, 21 ans, étudiante à la Sorbonne et à l’université Howard à Washington, raconte le chemin qu’elle a dû parcourir pour se voir comme une personne noire.;2024-12-22;Le Monde;societe
Vidéo. Revoyez les images les plus marquantes de l’année 2024;https://www.lemonde.fr/international/video/2024/12/22/video-revoyez-les-images-les-plus-marquantes-de-l-annee-2024_6462021_3210.html;"<span class=""article__extra article__extra--inline""><span class=""icon__video icon__video--inline""></span> vidéo</span> Escalade des violences au Moyen-Orient, tentative d’assassinat visant Donald Trump, procès des viols de Mazan, Jeux olympiques de Paris 2024… Retour en images sur l’année 2024.";2024-12-22;Le Monde;societe
Raoul Peck, un cinéaste contre l’oubli;https://www.lemonde.fr/m-le-mag/article/2024/12/22/raoul-peck-un-cineaste-contre-l-oubli_6461952_4500055.html;L’auteur haïtien de « Je ne suis pas votre nègre », et réalisateur de la série « Exterminez toutes ces brutes », consacre un documentaire au photographe sud-africain Ernest Cole, l’un des premiers à avoir documenté l’apartheid.;2024-12-22;Le Monde;societe
Quelles sont les conditions pour toucher une pension d’orphelin ?;https://www.lemonde.fr/argent/article/2024/12/22/quelles-sont-les-conditions-pour-toucher-une-pension-d-orphelin_6461879_1657007.html;L’Assurance-retraite verse désormais des pensions d’orphelin aux enfants ayant perdu leurs deux parents. Ce dispositif existait déjà dans d’autres régimes de retraite, mais les conditions pour en bénéficier varient, explique Clara Darmon, experte chez France Retraite.;2024-12-22;Le Monde;societe
Procès des viols de Mazan : comment les juges ont motivé leur décision de condamnation;https://www.lemonde.fr/societe/article/2024/12/22/proces-des-viols-de-mazan-comment-les-juges-ont-motive-leur-decision-de-condamnation_6461811_3224.html;Rôle central de Dominique Pelicot, libre arbitre de ses coaccusés, état de soumission chimique de Gisèle Pelicot : les 106 pages rédigées par les magistrats de la cour criminelle du Vaucluse constituent un document essentiel pour comprendre le verdict rendu jeudi 19 décembre.;2024-12-22;Le Monde;societe
