Titre;URL;Description;Date;Presse;Catégorie
Procès de l’assassinat de Samuel Paty : le verdict établit un continuum entre les mots et le meurtre;https://www.lemonde.fr/societe/article/2024/12/21/assassinat-de-samuel-paty-un-verdict-qui-etablit-un-continuum-entre-islamisme-et-terrorisme-entre-les-mots-et-le-meurtre_6460159_3224.html;Deux amis du terroriste Abdoullakh Anzorov ont été condamnés aux peines les plus lourdes, vendredi, seize ans de réclusion criminelle. Mais le principal enjeu juridique de ce procès résidait dans le sort réservé aux deux responsables de la campagne de haine qui a visé le professeur. En les condamnant à treize et quinze ans de réclusion pour terrorisme, la cour a établi une nouvelle jurisprudence.;2024-12-21;Le Monde;societe
Au procès de l’assassinat de Samuel Paty, les avocats de Brahim Chnina et d’Abdelhakim Sefrioui ébranlent la thèse de l’accusation;https://www.lemonde.fr/societe/article/2024/12/18/au-proces-de-l-assassinat-de-samuel-paty-les-avocats-de-brahim-chnina-et-d-abdelhakim-sefrioui-ebranlent-la-these-de-l-accusation_6455949_3224.html;Les défenseurs des deux responsables de la campagne numérique qui a été fatale au professeur ont plaidé l’acquittement, mardi 17 et mercredi 18 décembre, en faisant valoir l’absence d’« intention terroriste ».;2024-12-21;Le Monde;societe
Les motivations encore inconnues de l’homme de 22 ans qui a tué cinq personnes à Dunkerque;https://www.lemonde.fr/societe/article/2024/12/17/apres-le-quintuple-meurtre-dans-le-dunkerquois-le-mobile-du-tueur-demeure-insaisissable_6454420_3224.html;Paul D. a été mis en examen pour trois assassinats et deux meurtres ainsi que pour violences avec armes à l’issue d’une garde à vue qui n’a pas permis d’éclaircir précisément les raisons de son équipée meurtrière.;2024-12-21;Le Monde;societe
Les départements refusent d’endosser seuls la responsabilité des défaillances de la protection de l’enfance;https://www.lemonde.fr/societe/article/2024/12/19/les-departements-refusent-d-endosser-seuls-la-responsabilite-des-defaillances-de-la-protection-de-l-enfance_6457439_3224.html;Auditionnés, mercredi 18 décembre, par une commission d’enquête parlementaire, les représentants des départements, chefs de file de cette politique publique décentralisée, ont étalé leurs difficultés.;2024-12-21;Le Monde;societe
Trois narcotrafiquants de Besançon condamnés pour un assassinat qui s’est trompé de cible;https://www.lemonde.fr/societe/article/2024/12/21/trois-narcotrafiquants-de-besancon-condamnes-pour-un-assassinat-qui-s-est-trompe-de-cible_6460497_3224.html;Houcine Hakkar, garagiste sans histoires, a été tué par erreur le 8 mars 2020 à Besançon par des trafiquants qui l’avaient confondu avec un rival. Des peines de vingt-cinq à trente ans de réclusion ont été prononcées vendredi par la cour d’assises du Doubs.;2024-12-21;Le Monde;societe
Mythologies : trois beaux livres à découvrir ou à offrir;https://www.lemonde.fr/le-monde-des-religions/article/2024/12/21/mythologies-trois-beaux-livres-a-decouvrir-ou-a-offrir_6460261_6038514.html;Un sublime poème indien antique, des dieux grecs et une plongée aux origines de Rome : « Le Monde des religions » vous propose trois ouvrages de mythologie à lire pendant les vacances, ou à offrir (en dernière minute) à Noël.;2024-12-21;Le Monde;societe
Quand les violences conjugales passent par le compte bancaire;https://www.lemonde.fr/argent/article/2024/12/21/quand-les-violences-conjugales-passent-par-le-compte-bancaire_6460152_1657007.html;Un conjoint qui tente de faire opposition sur la carte bancaire de sa femme prétextant qu’elle l’a perdue, un autre qui voudrait obtenir des informations sur son compte personnel : dans le couple, les violences passent souvent par la case banque.;2024-12-21;Le Monde;societe
Camille Besombes, infectiologue : « La circulation du virus H5N1 met en lumière les interdépendances de l’ensemble du vivant »;https://www.lemonde.fr/idees/article/2024/12/21/camille-besombes-infectiologue-la-circulation-mondiale-du-virus-hautement-pathogene-h5n1-est-particulierement-preoccupante_6460016_3232.html;Alors que monte l’inquiétude autour d’une potentielle circulation interhumaine du virus de la grippe aviaire H5N1, l’épidémiologiste rappelle, dans une tribune au « Monde », que seule une remise en cause des processus de production et de consommation alimentaires à l’échelle mondiale pourra prévenir une future pandémie.;2024-12-21;Le Monde;societe
Assassinat de Samuel Paty : entre treize et seize ans de réclusion criminelle pour les quatre principaux accusés;https://www.lemonde.fr/societe/article/2024/12/20/assassinat-de-samuel-paty-les-deux-amis-du-tueur-naim-boudaoud-et-azim-epsirkhanov-condamnes-a-seize-ans-de-reclusion-criminelle_6459915_3224.html;Les deux amis de l’assassin, Naïm Boudaoud et Azim Epsirkhanov, ont été condamnés à seize ans de réclusion criminelle. Les deux auteurs de la campagne de haine contre le professeur, Brahim Chnina et Abdelhakim Sefrioui, ont, eux, été condamnés respectivement à treize et quinze ans de réclusion criminelle. Les quatre autres accusés se sont vu infliger des peines allant de un an à cinq ans d’emprisonnement.;2024-12-21;Le Monde;societe
Procès des viols de Mazan : une enquête déontologique ouverte après les propos insultants d’un avocat lyonnais;https://www.lemonde.fr/societe/article/2024/12/20/proces-des-viols-de-mazan-une-enquete-deontologique-ouverte-apres-les-propos-insultants-d-un-avocat-lyonnais_6459702_3224.html;Le barreau de Lyon a reçu des signalements concernant les propos de Mᵉ Christophe Bruschi, avocat d’un accusé dans le procès des viols de Mazan, jugés insultants envers des féministes.;2024-12-21;Le Monde;societe
