Titre;URL;Description;Date;Presse;Catégorie
Municipales du 11 décembre : Dépôt de requêtes du parti TIM au tribunal administratif;https://midi-madagasikara.mg/depot-de-requetes-du-parti-tim-au-tribunal-administratif/;Une fois encore, le parti Tiako i Madagasikara (TIM) de l’ancien président Marc Ravalomanana a choisi la voie légale afin de dénoncer et d’espérer se faire entendre sur ce qu’il considère comme étant des irrégularités durant les élections municipales du 11 décembre, surtout dans la circonscription d’Antananarivo Renivohitra. Hier, les députés élus sous l’étiquette du parti ainsi que les candidats aux conseillers municipaux de la liste dirigée par Tojo Ravalomanana et l’avocat de celui-ci ont sai;2024-12-20;Midi Madagasikara;politique
Madagascar-Comores : Reprise des liaisons maritimes après deux mois de suspension;https://midi-madagasikara.mg/reprise-des-liaisons-maritimes-apres-deux-mois-de-suspension/;<strong><em>Après presque trois mois de suspension, le gouvernement a décidé de rouvrir les frontières maritimes malgaches aux échanges avec les Comores. Cette décision donnera un souffle d’optimisme entre les deux iles voisines malgré les précautions sanitaires qui accompagnera la reprise.</em></strong>;2024-12-20;Midi Madagasikara;politique
CENI et communales : Sortie des résultats provisoires ce jour;https://midi-madagasikara.mg/sortie-des-resultats-provisoires-ce-jour/;La publication des résultats provisoires des élections communales et municipales dans la province d’Antananarivo se tient ce jour à 10 heures au siège de la Commission électorale nationale indépendante (CENI) Alarobia. Des résultats qui seront attendus par les états-majors politiques que ce soit de l’opposition ou des tenants du pouvoir concernant notamment la capitale. Ceux des autres communes sises dans ladite province seront également suivis. Les membres de la structure provinciale ad-hoc de ;2024-12-20;Midi Madagasikara;politique
Ambassadeur du Japon : Descente dans les régions Vatovavy et Fitovinany;https://midi-madagasikara.mg/ambassadeur-du-japon-descente-dans-les-regions-vatovavy-et-fitovinany/;"L’ambassadeur du Japon à Madagascar, Koji Abe, accompagné de la représentante résidente de l&rsquo;UNICEF, Christine Jaulmes, a effectué une visite dans les régions Vatovavy et Fitovinany afin de constater l&rsquo;impact des projets financés par le gouvernement japonais à hauteur de 1,7 million de dollars, alloués dans le cadre du budget supplémentaire 2023. Ces projets bénéficient notamment aux secteurs de la santé, de la nutrition, de la protection de l’enfance, ainsi qu’à l’accès à l’eau et à";2024-12-20;Midi Madagasikara;politique
