Titre;URL;Description;Date;Presse;Catégorie
Emmanuel Macron, l’art du secret;https://www.lemonde.fr/politique/article/2024/12/21/emmanuel-macron-l-art-du-secret_6461505_823448.html;"<span class=""article__kicker"">Enquête</span>« Le président et son double » (4/4). Dans le dernier volet de la série sur l’évolution du président de la République depuis son arrivée à l’Elysée, « Le Monde » décrypte la façon dont il gère les questions de sécurité personnelle et de protection de son image.";2024-12-21;Le Monde;politique
Ce que l’on sait du suspect de l’attaque sur le marché de Noël de Magdebourg;https://www.lemonde.fr/international/article/2024/12/21/ce-que-l-on-sait-du-suspect-de-l-attaque-sur-le-marche-de-noel-de-magdebourg_6461103_3210.html;Taleb A., 50 ans, est arrivé en 2006 en Allemagne. Il dénonçait sur ses réseaux sociaux les « dangers » d’une islamisation du pays. La piste d’un attentat islamiste semble ainsi s’éloigner.;2024-12-21;Le Monde;politique
En l’absence de budget 2025, la loi spéciale a été promulguée par Emmanuel Macron;https://www.lemonde.fr/politique/article/2024/12/21/en-l-absence-de-budget-2025-la-loi-speciale-a-ete-promulguee-par-emmanuel-macron_6460866_823448.html;Adopté en urgence par le Parlement après la censure du gouvernement Barnier, le texte permet à l’Etat de prélever l’impôt et d’emprunter. Le nouveau premier ministre, François Bayrou, a dit jeudi soir espérer l’adoption d’un budget « à la mi-février ».;2024-12-21;Le Monde;politique
En direct, gouvernement Bayrou : la gauche se rapproche de la censure alors que l’annonce de la composition du gouvernement est toujours attendue;https://www.lemonde.fr/politique/live/2024/12/21/en-direct-gouvernement-bayrou-horizons-se-declare-pret-a-participer-mais-propose-a-matignon-de-lister-les-conditions-de-cette-entente_6454840_823448.html;Le chef de file des « insoumis », Jean-Luc Mélenchon, a prédit vendredi que le premier ministre, « François Bayrou, ne passera[it] pas l’hiver », promettant une motion de censure « insoumise » probablement mise au vote de l’Assemblée dès le 16 janvier 2025.;2024-12-21;Le Monde;politique
François Bayrou face au risque de l’enlisement;https://www.lemonde.fr/politique/article/2024/12/21/francois-bayrou-face-au-risque-de-l-enlisement_6460085_823448.html;Entre la fermeté des socialistes sur le dossier de la réforme des retraites et les revendications de son propre camp, le premier ministre est engagé dans une partie de ping-pong, pour l’instant stérile, avec les formations politiques.;2024-12-21;Le Monde;politique
A Mayotte, Emmanuel Macron cible l’immigration clandestine;https://www.lemonde.fr/politique/article/2024/12/20/a-mayotte-macron-defend-un-discours-de-verite-sur-l-immigration-clandestine_6459880_823448.html;Après avoir présidé un comité interministériel de crise, le chef de l’Etat a achevé une visite de deux jours durant laquelle il a dû faire face à la colère et au dénuement des Mahorais. Au-delà de l’urgence, la résolution des problèmes impliquera, selon lui, de se pencher sur la question migratoire.;2024-12-21;Le Monde;politique
Emmanuel Macron, la diplomatie à lui seul;https://www.lemonde.fr/politique/article/2024/12/20/emmanuel-macron-la-diplomatie-a-lui-seul_6459712_823448.html;"<span class=""article__kicker"">Enquête</span>« Le président et son double » (3/4). Depuis son arrivée à l’Elysée, le chef de l’Etat a une façon parfois déroutante de conduire et d’incarner la politique étrangère du pays, quitte à s’éloigner des circuits habituels.";2024-12-21;Le Monde;politique
« Fractures françaises » : après la crise politique, réparer les fractures démocratiques;https://www.lemonde.fr/politique/article/2024/12/20/fractures-francaises-apres-la-crise-politique-reparer-les-fractures-democratiques_6459706_823448.html;La défiance des citoyens à l’égard du fonctionnement de la démocratie augmente, comme le souligne la 12ᵉ vague du baromètre « Fractures françaises » d’Ipsos pour « Le Monde », la Fondation Jean Jaurès, le Cevipof et l’Institut Montaigne. Selon Dorian Dreuil, expert à la fondation, la sortie de crise ne peut passer que par une modernisation de nos institutions.;2024-12-21;Le Monde;politique
Abstention record aux élections syndicales dans les TPE;https://www.lemonde.fr/politique/article/2024/12/20/abstention-record-aux-elections-syndicales-dans-les-tpe_6459701_823448.html;La CGT est arrivée nettement en tête du scrutin, marqué par une participation de 4,07 %, selon les résultats dévoilés, vendredi 20 décembre, par le ministère du travail.;2024-12-21;Le Monde;politique
La droite entretient toujours le suspense sur sa participation au gouvernement Bayrou;https://www.lemonde.fr/politique/article/2024/12/20/la-droite-entretient-toujours-le-suspense-sur-sa-participation-au-gouvernement-bayrou_6458801_823448.html;Alors que le premier ministre a demandé une réponse, d’ici à vendredi 20 décembre, aux différents partis sur leurs intentions, le parti Les Républicains exige une feuille de route plus claire avant de se prononcer.;2024-12-21;Le Monde;politique
