Titre;URL;Description;Date;Presse;Catégorie
Epson à Madagascar : Des solutions technologiques adaptées aux besoins des particuliers et professionnels;https://midi-madagasikara.mg/epson-a-madagascar-des-solutions-technologiques-adaptees-aux-besoins-des-particuliers-et-professionnels/;"L’ensemble de l’offre de produits Epson, incluant imprimantes, scanners, vidéoprojecteurs et imprimantes matricielles, est désormais disponible à Madagascar. Cette marque japonaise, leader mondial des solutions d&rsquo;impression, de projection et des technologies innovantes, a annoncé son implantation stratégique dans le pays mercredi dernier au Radisson Blu Ambodivona. En effet, Epson propose une large gamme de produits personnalisés pour les entreprises malgaches, conçus pour répondre aux bes";2024-12-20;Midi Madagasikara;economie
SUPERDIST – COSMOS : Un partenariat stratégique pour la distribution de la marque EPSON à Madagascar;https://midi-madagasikara.mg/superdist-cosmos-un-partenariat-strategique-pour-la-distribution-de-la-marque-epson-a-madagascar/;<strong>Une signature de partenariat a eu lieu le 18 décembre 2024 entre SUPERDIST, distributeur officiel de la marque EPSON, et COSMOS, le magasin revendeur spécialisé à Madagascar. </strong>;2024-12-20;Midi Madagasikara;economie
Industrie agroalimentaire : Royal Spirits fête son cinquantenaire;https://midi-madagasikara.mg/royal-spirits-fete-son-cinquantenaire/;<strong><em>Fleuron de l’industrie nationale, Royal Spirits, est aussi la première entreprise malgache dans le métier de l’alcool fort à être certifiée selon les normes internationales.</em></strong>;2024-12-20;Midi Madagasikara;economie
RNT12A : Début des travaux de réhabilitation d’une route de plus de 32 km;https://midi-madagasikara.mg/debut-des-travaux-de-rehabilitation-dune-route-de-plus-de-32-km/;"<p class=""MsoNormal"" style=""margin-bottom: 0.0001pt; text-align: justify; line-height: normal; background-image: initial; background-position: initial; background-size: initial; background-repeat: initial; background-attachment: initial; background-origin: initial; background-clip: initial;""><b style=""color: initial;""><i><span style=""font-size:11.5pt; font-family:&quot;Cambria Math&quot;,&quot;serif&quot;;mso-fareast-font-family:&quot;Cambria Math&quot;; mso-bidi-font-family:&quot;Cambria Math&q";2024-12-20;Midi Madagasikara;economie
