Titre;URL;Description;Date;Presse;Catégorie
En direct : la composition du nouveau gouvernement se fait toujours attendre, François Bayrou a promis de rendre sa copie « avant Noël »;https://www.lemonde.fr/politique/live/2024/12/20/en-direct-la-composition-du-nouveau-gouvernement-se-fait-toujours-attendre-francois-bayrou-a-promis-de-rendre-sa-copie-avant-noel_6454840_823448.html;Les différentes forces politiques avaient jusqu’à 14 heures, vendredi, pour exprimer leur positionnement. Interrogé jeudi sur France 2, François Bayrou a promis un gouvernement « dans le week-end », « en tout cas avant Noël ».;2024-12-20;Le Monde;politique
Emmanuel Macron, la diplomatie à lui seul;https://www.lemonde.fr/politique/article/2024/12/20/emmanuel-macron-la-diplomatie-a-lui-seul_6459712_823448.html;"<span class=""article__kicker"">Enquête</span>« Le président et son double » (3/4). Depuis son arrivée à l’Elysée, le chef de l’Etat a une façon parfois déroutante de conduire et d’incarner la politique étrangère du pays, quitte à s’éloigner des circuits habituels.";2024-12-20;Le Monde;politique
« Fractures françaises » : après la crise politique, réparer les fractures démocratiques;https://www.lemonde.fr/politique/article/2024/12/20/fractures-francaises-apres-la-crise-politique-reparer-les-fractures-democratiques_6459706_823448.html;La défiance des citoyens à l’égard du fonctionnement de la démocratie augmente, comme le souligne la 12ᵉ vague du baromètre « Fractures françaises » d’Ipsos pour « Le Monde », la Fondation Jean Jaurès, le Cevipof et l’Institut Montaigne. Selon Dorian Dreuil, expert à la fondation, la sortie de crise ne peut passer que par une modernisation de nos institutions.;2024-12-20;Le Monde;politique
Abstention record aux élections syndicales dans les TPE;https://www.lemonde.fr/politique/article/2024/12/20/abstention-record-aux-elections-syndicales-dans-les-tpe_6459701_823448.html;La CGT est arrivée nettement en tête du scrutin, marqué par une participation de 4,07 %, selon les résultats dévoilés, vendredi 20 décembre, par le ministère du travail.;2024-12-20;Le Monde;politique
La droite entretient toujours le suspense sur sa participation au gouvernement Bayrou;https://www.lemonde.fr/politique/article/2024/12/20/la-droite-entretient-toujours-le-suspense-sur-sa-participation-au-gouvernement-bayrou_6458801_823448.html;Alors que le premier ministre a demandé une réponse, d’ici à vendredi 20 décembre, aux différents partis sur leurs intentions, le parti Les Républicains exige une feuille de route plus claire avant de se prononcer.;2024-12-20;Le Monde;politique
Des déclarations d’Emmanuel Macron publiées dans une enquête du « Monde » qualifiées de « racistes » par la gauche;https://www.lemonde.fr/politique/article/2024/12/20/des-declarations-d-emmanuel-macron-publiees-dans-une-enquete-du-monde-qualifiees-de-racistes-par-la-gauche_6458667_823448.html;L’Elysée « dément fermement » que le chef de l’Etat ait dit : « Le problème des urgences dans ce pays, c’est que c’est rempli de Mamadou ». « Le Monde » maintient ses informations.;2024-12-20;Le Monde;politique
Ces anciens ministres socialistes qui refusent de participer au gouvernement de François Bayrou;https://www.lemonde.fr/politique/article/2024/12/20/gouvernement-ces-anciens-ministres-socialistes-qui-refusent-de-s-engager-derriere-francois-bayrou_6458661_823448.html;Le premier ministre, qui souhaite un gouvernement pluraliste, a approché ces derniers jours un certain nombre de personnalités de gauche. Sans succès.;2024-12-20;Le Monde;politique
Accord sur l’assurance-chômage : le gouvernement valide les nouvelles règles dans un arrêté;https://www.lemonde.fr/politique/article/2024/12/20/accord-sur-l-assurance-chomage-le-gouvernement-valide-les-nouvelles-regles-dans-un-arrete_6458557_823448.html;Cet accord, qui doit s’appliquer à partir de janvier a été signé par la CFDT, FO et la CFTC, ainsi que par les trois organisations patronales. La CGT et la CFE-CGC ne l’avaient pas paraphé.;2024-12-20;Le Monde;politique
La dette française atteint un nouveau sommet à 3 303 milliards d’euros;https://www.lemonde.fr/politique/article/2024/12/20/3-303-milliards-d-euros-un-nouveau-sommet-pour-la-dette-francaise_6458550_823448.html;La dette publique française a atteint 113,7 % du PIB au troisième trimestre, a annoncé l’Insee, vendredi. Sans action résolue de l’Etat, la hausse risque de se poursuivre jusqu’en 2030, estime l’agence Moody’s, qui note la difficulté de la France à se désendetter.;2024-12-20;Le Monde;politique
« En Europe, le risque de la fragmentation partisane est politique, économique et stratégique »;https://www.lemonde.fr/idees/article/2024/12/20/en-europe-le-risque-de-la-fragmentation-partisane-est-politique-economique-et-strategique_6458450_3232.html;Les dangers liés à la montée des populismes diffèrent aux Etats-Unis, où elle débouche sur une polarisation extrême, et en Europe, où le multipartisme alimente une fragmentation partisane croissante, estime le politiste dans une tribune au « Monde ».;2024-12-20;Le Monde;politique
