Titre;URL;Description;Date;Presse;Catégorie
Les lenteurs européennes, un obstacle au plan de relance de 750 milliards d’euros;https://www.lemonde.fr/economie/article/2024/12/19/les-lenteurs-europeennes-un-obstacle-au-plan-de-relance-de-750-milliards-d-euros_6456629_3234.html;« L’Europe décroche » (4/6). Avancée politique majeure, NextGenerationEU, décidé en 2020, pour lequel l’Union européenne a emprunté pour la première fois en commun, peine à être mis en place. Moins de la moitié de l’argent a été déboursé.;2024-12-19;Le Monde;economie
Nucléaire : les leçons de l’EPR de Flamanville, sur le point d’être connecté au réseau électrique;https://www.lemonde.fr/economie/article/2024/12/19/nucleaire-apres-plus-d-une-decennie-de-retard-les-lecons-de-l-epr-de-flamanville-sur-le-point-d-etre-connecte-au-reseau-electrique_6456593_3234.html;"<span class=""article__kicker"">Décryptage</span>Avec douze ans de retard, le réacteur nucléaire de nouvelle génération de la centrale située à Flamanville, dans la Manche, doit être relié au réseau vendredi 20 décembre, a annoncé EDF.";2024-12-19;Le Monde;economie
Le Royaume-Uni sanctionne 2Rivers (ex-Coral Energy) pour son rôle dans le contournement des sanctions contre le pétrole russe;https://www.lemonde.fr/economie/article/2024/12/19/le-royaume-uni-sanctionne-2rivers-pour-son-role-dans-le-contournement-des-sanctions-contre-le-petrole-russe_6456943_3234.html;La décision survient à la suite d’une enquête du « Monde », à la fin d’octobre, révélant un système de contournement à grande échelle des sanctions visant la Russie, orchestré par une galaxie d’entreprises affiliées au négociant en matières premières Coral Energy, devenu 2Rivers.;2024-12-19;Le Monde;economie
Electroménager : SEB, Whirpool, Electrolux… mais aussi Boulanger et Darty sanctionnés pour entente sur les prix;https://www.lemonde.fr/economie/article/2024/12/19/electromenager-seb-whirpool-electrolux-mais-aussi-boulanger-et-darty-sanctionnes-pour-entente-sur-les-prix_6457113_3234.html;Dix fabricants et deux distributeurs ont été mis en cause pour avoir maintenu des prix élevés, entre février 2007 et décembre 2014, et sanctionnés pour un montant total de 611 millions d’euros par l’Autorité de la concurrence, jeudi 19 décembre. SEB a annoncé former un recours devant la cour d’appel de Paris.;2024-12-19;Le Monde;economie
Apple dit avoir suspendu ses approvisionnements en minerais en provenance de la RDC et du Rwanda;https://www.lemonde.fr/afrique/article/2024/12/19/apple-dit-avoir-suspendu-ses-approvisionnements-en-minerais-en-provenance-de-la-rdc-et-du-rwanda_6457545_3212.html;Après le dépôt de plaintes en France et en Belgique contre ses filiales pour recel de crimes de guerre, blanchiment de faux et tromperie des consommateurs, la société californienne annonce avoir instruit ses fournisseurs dans ces deux pays de cesser leurs exportations.;2024-12-19;Le Monde;economie
Frédéric Taddeï remplace Natacha Polony à la direction de l’hebdomadaire « Marianne »;https://www.lemonde.fr/economie/article/2024/12/19/natacha-polony-quitte-la-direction-de-l-hebdomadaire-marianne-remplacee-par-frederic-taddei_6457435_3234.html;La ligne éditoriale souverainiste portée par la directrice de la rédaction ne convenait plus au milliardaire proeuropéen Daniel Kretinsky, qui tentait de céder le magazine depuis avril. Après deux échecs de reventes, le groupe CMI France annonce finalement son intention de conserver le magazine.;2024-12-19;Le Monde;economie
MrBeast, le youtubeur star qui assume la démesure;https://www.lemonde.fr/pixels/article/2024/12/19/mrbeast-le-youtubeur-star-qui-assume-la-demesure_6457332_4408996.html;"<span class=""article__kicker"">Portrait</span>Le vidéaste le plus suivi au monde sur YouTube lance, sur fond de polémiques, une nouvelle émission de téléréalité sur Prime Video. Sommes exorbitantes, débauche de moyens et succès calibrés sont la marque de ses productions.";2024-12-19;Le Monde;economie
« “Europe first” doit être la réponse à “America first” »;https://www.lemonde.fr/idees/article/2024/12/19/europe-first-doit-etre-la-reponse-a-america-first_6457296_3232.html;L’Union européenne doit bâtir une stratégie pour sortir de sa dépendance, plaide, dans une tribune au « Monde », l’essayiste belge Koen De Leus : construire un complexe militaro-industriel, stimuler sa demande intérieure, unir le marché des financements…;2024-12-19;Le Monde;economie
Fonds d’investissement « verts » : la France finit par se conformer aux règles européennes;https://www.lemonde.fr/argent/article/2024/12/19/fonds-d-investissement-verts-la-france-finit-par-se-conformer-aux-regles-europeennes_6457295_1657007.html;Avec deux mois de retard et au terme d’un bras de fer avec l’Autorité européenne des marchés financiers, la France annonce qu’elle se conformera aux nouvelles règles sur les noms à consonance environnementale des produits d’investissement, qui visent à lutter contre le greenwashing.;2024-12-19;Le Monde;economie
« On vend plus d’un million de puzzles par an » : les Français de plus en plus séduits par ce loisir de précision;https://www.lemonde.fr/economie/article/2024/12/19/on-vend-plus-d-un-million-de-puzzles-par-an-les-francais-de-plus-en-plus-seduits-par-ce-loisir-de-precision_6457260_3234.html;Depuis la pandémie de Covid-19, la clientèle de ce jeu s’est élargie, attirant désormais les jeunes actifs. De Forbach, en Moselle, Alizé Group surfe sur cette tendance.;2024-12-19;Le Monde;economie
