Titre;URL;Description;Date;Presse;Catégorie
Le décrochage économique européen, un lent effritement social;https://www.lemonde.fr/economie/article/2024/12/21/le-decrochage-economique-europeen-un-lent-effritement-social_6460086_3234.html;« L’Europe décroche » (6/6). La faible croissance européenne, soulignée par Mario Draghi dans son rapport publié en septembre, se traduit par des usines qui ferment et une couverture sociale toujours plus difficile à garantir.;2024-12-22;Le Monde;economie
Budget 2025 : la loi spéciale permettra un peu plus de croissance, mais au prix d’un creusement des inégalités, selon l’OFCE;https://www.lemonde.fr/economie/article/2024/12/22/budget-la-loi-speciale-permettra-un-peu-plus-de-croissance-mais-au-prix-d-un-plus-grand-deficit-et-avec-des-inegalites-exacerbees-selon-l-ofce_6461987_3234.html;Dans une note publiée dimanche 22 décembre, l’Observatoire français des conjonctures économiques souligne les effets du texte adopté en urgence par le Parlement dans l’attente d’un budget en bonne et due forme et promulgué le 20 décembre par Emmanuel Macron.;2024-12-22;Le Monde;economie
Le rapprochement Honda-Nissan guidé par l’urgence de s’engager dans l’électrique et la souveraineté industrielle;https://www.lemonde.fr/economie/article/2024/12/21/le-rapprochement-honda-nissan-guide-par-l-urgence-de-s-engager-dans-l-electrique-et-la-souverainete-industrielle_6460599_3234.html;Les négociations entre les numéros deux et trois japonais pourraient commencer lundi 23 décembre. L’intérêt pour Honda paraît discutable compte tenu des difficultés de Nissan. Cependant, pour le gouvernement nippon, il y aurait un enjeu à sauver Nissan que convoiterait le taïwanais Foxconn.;2024-12-22;Le Monde;economie
Achats de Noël : des commerçants dans l’incertitude;https://www.lemonde.fr/economie/article/2024/12/20/achats-de-noel-des-commercants-dans-l-incertitude_6459110_3234.html;Pour tous les commerces, les achats de dernière minute seront déterminants. Surtout pour le secteur du jouet, qui réalise plus de la moitié de son chiffre d’affaires au quatrième trimestre.;2024-12-22;Le Monde;economie
Royaume-Uni : des vents violents entraînent l’annulation de centaines de vols, juste avant Noël;https://www.lemonde.fr/climat/article/2024/12/22/royaume-uni-des-vents-violents-entrainent-l-annulation-de-centaines-de-vols-juste-avant-noel_6462536_1652612.html;Ces vols concernent l’aéroport londonien de Heathrow, le plus important d’Europe en nombre de passagers. Des trains ont également été annulés et des routes fermées, dimanche, en raison des rafales.;2024-12-22;Le Monde;economie
Les mairies ne savent plus à quel sapin se vouer;https://www.lemonde.fr/m-perso/article/2024/12/22/les-mairies-ne-savent-plus-a-quel-sapin-se-vouer_6462404_4497916.html;Pour les municipalités, la question de l’arbre de Noël est chaque année plus délicate. Polémiques, railleries et mécontentements se multiplient autour du coût économique et écologique de cette tradition. Sans parler des choix de décoration…;2024-12-22;Le Monde;economie
Didier Pineau-Valencienne, figure du patronat industriel français et président de Schneider, est mort;https://www.lemonde.fr/disparitions/article/2024/12/22/didier-pineau-valencienne-figure-du-patronat-industriel-francais-et-president-de-schneider-est-mort_6462297_3382.html;Agé de 93 ans, l’ancien capitaine du groupe d’équipements électriques, qu’il a nettement restructuré durant ses dix-huit ans à sa tête, est mort jeudi.;2024-12-22;Le Monde;economie
« Accélérer les projets industriels ne doit pas se faire au détriment du respect des principes démocratiques »;https://www.lemonde.fr/idees/article/2024/12/22/accelerer-les-projets-industriels-ne-doit-pas-se-faire-au-detriment-du-respect-des-principes-democratiques_6462023_3232.html;Les représentants de grandes organisations environnementales ainsi que des universitaires appellent le nouveau gouvernement, dans une tribune au « Monde », à retirer le projet de décret sur les grands projets industriels qui constitue selon eux une « attaque frontale contre la démocratie environnementale et les droits des citoyennes et des citoyens ».;2024-12-22;Le Monde;economie
Quelles sont les conditions pour toucher une pension d’orphelin ?;https://www.lemonde.fr/argent/article/2024/12/22/quelles-sont-les-conditions-pour-toucher-une-pension-d-orphelin_6461879_1657007.html;L’Assurance-retraite verse désormais des pensions d’orphelin aux enfants ayant perdu leurs deux parents. Ce dispositif existait déjà dans d’autres régimes de retraite, mais les conditions pour en bénéficier varient, explique Clara Darmon, experte chez France Retraite.;2024-12-22;Le Monde;economie
Etats-Unis : Stellantis va conserver les 1 100 salariés qu’il comptait licencier dans son usine Jeep dans l’Ohio;https://www.lemonde.fr/economie/article/2024/12/22/etats-unis-stellantis-ne-prevoit-plus-de-licencier-1-100-salaries-de-son-usine-jeep-dans-l-ohio_6461670_3234.html;Le groupe justifie ce revirement par sa volonté de revoir « sa stratégie en Amérique du Nord », après avoir poussé vers la sortie son directeur général, Carlos Tavares.;2024-12-22;Le Monde;economie
