Titre;URL;Description;Date;Presse;Catégorie
Journées portes ouvertes : Le ministère de l’Industrialisation et du Commerce se dévoile au grand public;https://midi-madagasikara.mg/journees-portes-ouvertes-le-ministere-de-lindustrialisation-et-du-commerce-se-devoile-au-grand-public/;"<strong><em>Parmi les départements-clé de l&rsquo;économie, le MIC organise ce jour et demain deux journées portes ouvertes.</em></strong>";2024-12-18;Midi Madagasikara;economie
Pêche artisanale : Nouveau partenariat face aux défis climatiques;https://midi-madagasikara.mg/peche-artisanale-nouveau-partenariat-face-aux-defis-climatiques/;"Un nouveau partenariat stratégique a été signé hier entre le ministère de la Pêche et de l’Économie bleue (MPEB) et la FAO (Organisation des Nations unies pour l&rsquo;alimentation et l&rsquo;agriculture), avec le soutien de l&rsquo;Agence suédoise de coopération internationale au développement (Sida). Ce projet, d&rsquo;une valeur de 6,8 millions de dollars, vise à renforcer et à promouvoir la pêche artisanale durable à Madagascar, un secteur clé de l’économie et de la société malgaches. Le sec";2024-12-18;Midi Madagasikara;economie
Commune de Beforona : Redynamisation de la filière gingembre;https://midi-madagasikara.mg/commune-de-beforona-redynamisation-de-la-filiere-gingembre/;<strong>La commune rurale de Beforona située dans le district de Moramanga, région Alaotra Mangoro est une grande productrice de gingembre à Madagascar.</strong>;2024-12-18;Midi Madagasikara;economie
HCC : La LFI 2025 déclarée conforme à la constitution;https://midi-madagasikara.mg/hcc-la-lfi-2025-declaree-conforme-a-la-constitution/;La boucle est bouclée pour la loi de finances initiale 2025. Par une décision rendue hier, la Haute Cour Constitutionnelle déclare la loi n°2024-025 portant loi de finances pour 2025, conforme à la constitution. En somme, la LFI 2025 respecte toutes les conditions requises par la constitution et sera donc immédiatement applicable à partir du 1<sup>er</sup> janvier. Une LFI qui mise, rappelons-le, sur une prévision de taux de croissance de 5% et qui relève le double défi de l’autosuffisance alime;2024-12-18;Midi Madagasikara;economie
