Titre;URL;Description;Date;Presse;Catégorie
L’Assurance-maladie tente de recadrer les tarifs des prises en charge médicales le soir et le week-end;https://www.lemonde.fr/societe/article/2024/12/22/l-assurance-maladie-tente-de-recadrer-les-tarifs-des-prises-en-charge-medicales-le-soir-et-le-week-end_6461771_3224.html;De nombreuses structures ont pris l’habitude de facturer au tarif d’une urgence des consultations réalisées en dehors des horaires ordinaires. Une pratique censée s’interrompre avec l’entrée en vigueur de la nouvelle convention médicale, le 22 décembre.;2024-12-25;Le Monde;societe
Procès des viols de Mazan : comment les juges ont motivé leur décision de condamnation;https://www.lemonde.fr/societe/article/2024/12/22/proces-des-viols-de-mazan-comment-les-juges-ont-motive-leur-decision-de-condamnation_6461811_3224.html;Rôle central de Dominique Pelicot, libre arbitre de ses coaccusés, état de soumission chimique de Gisèle Pelicot : les 106 pages rédigées par les magistrats de la cour criminelle du Vaucluse constituent un document essentiel pour comprendre le verdict rendu jeudi 19 décembre.;2024-12-25;Le Monde;societe
A Tolbiac, à Paris, un long blocus pour protester contre la guerre à Gaza et obtenir l’arrêt des partenariats avec deux universités israéliennes;https://www.lemonde.fr/campus/article/2024/12/23/a-tolbiac-a-paris-un-long-blocus-pour-protester-contre-la-guerre-a-gaza-et-obtenir-l-arret-des-partenariats-avec-deux-universites-israeliennes_6463749_4401467.html;Depuis le 5 novembre, une centaine d’étudiants bloquent une antenne de l’université Paris-I Panthéon-Sorbonne. Un mouvement qui nourrit la lassitude de ceux qui ne sont pas mobilisés.;2024-12-25;Le Monde;societe
Les multiples conflits d’intérêts familiaux du sénateur de Loir-et-Cher Jean-Luc Brault;https://www.lemonde.fr/societe/article/2024/12/23/les-multiples-conflits-d-interets-familiaux-du-senateur-du-loir-et-cher-jean-luc-brault_6463177_3224.html;Déjà visé par une enquête préliminaire du parquet de Blois, l’ancien maire du Controis-en-Sologne, membre du groupe Les Indépendants-République et territoires au Sénat, est critiqué par la chambre régionale des comptes, notamment pour avoir signé plusieurs marchés publics au profit de ses enfants.;2024-12-25;Le Monde;societe
Ajaccio : un homme suspecté d’avoir tué un jeune pompier par balles dans un bar se rend;https://www.lemonde.fr/societe/article/2024/12/25/ajaccio-un-homme-suspecte-d-avoir-tue-un-jeune-pompier-par-balles-dans-un-bar-se-rend_6467333_3224.html;La « piste d’un différend privé entre l’auteur des coups de feu et la victime » est privilégiée, avait déclaré le procureur de la République au lendemain de la soirée au cours de laquelle six personnes ont aussi été blessées.;2024-12-25;Le Monde;societe
Après le cyclone Chido, l’angoisse des étudiants mahorais dans l’Hexagone;https://www.lemonde.fr/societe/article/2024/12/25/apres-le-cyclone-chido-l-angoisse-des-etudiants-mahorais-dans-l-hexagone_6467167_3224.html;Inquiets pour leurs proches, fragilisés psychologiquement et financièrement, isolés, ces jeunes vivent avec douleur les conséquences de la catastrophe.;2024-12-25;Le Monde;societe
A Beaucaire, le maire RN défie le principe de laïcité en maintenant une crèche à l’hôtel de ville;https://www.lemonde.fr/politique/article/2024/12/25/a-beaucaire-le-maire-rn-defie-le-principe-de-laicite-en-maintenant-une-creche-a-l-hotel-de-ville_6467132_823448.html;Au risque d’encourir une astreinte de 1 000 euros par jour, Nelson Chaudon, l’édile d’extrême droite, a décidé de ne pas se soumettre à la décision du tribunal administratif qui l’oblige à retirer la crèche installée dans la mairie, pour la dixième année consécutive.;2024-12-25;Le Monde;societe
Le choix de Juliette Méadel au ministère délégué à la ville laisse les acteurs locaux dubitatifs;https://www.lemonde.fr/societe/article/2024/12/25/le-choix-de-juliette-meadel-au-ministere-delegue-a-la-ville-laisse-les-acteurs-locaux-dubitatifs_6466860_3224.html;Lors de la passation des pouvoirs, cette proche de Manuel Valls a insisté sur le fait que la « question de la sécurité » était, à ses yeux, « centrale » en matière de rénovation urbaine, « surtout dans les quartiers difficiles », alors que la crise sociale ne cesse de s’aggraver dans ces territoires.;2024-12-25;Le Monde;societe
L’Eglise d’Angleterre en pleine crise existentielle;https://www.lemonde.fr/international/article/2024/12/25/l-eglise-d-angleterre-en-pleine-crise-existentielle_6466761_3210.html;Enlisée dans des scandales de pédocriminalité, l’Eglise anglicane, incapable de se réformer, voit le nombre de ses fidèles s’effondrer.;2024-12-25;Le Monde;societe
Avec 300 voitures à son nom, une victime du scandale des immatriculations a vécu un cauchemar;https://www.lemonde.fr/societe/article/2024/12/25/avec-300-voitures-a-son-nom-une-victime-du-scandale-des-immatriculations-a-vecu-un-cauchemar_6466386_3224.html;Un jeune homme, dont l’identité a été usurpée, s’est retrouvé submergé d’amendes liées à des véhicules qui ne lui appartenaient pas. Il souligne la responsabilité de l’Etat.;2024-12-25;Le Monde;societe
