Titre;URL;Description;Date;Presse;Catégorie
Régime général de l’armement : Contrôle du commerce des armes;https://midi-madagasikara.mg/regime-general-de-larmement-controle-du-commerce-des-armes/;<strong><br><em>Selon la délégation de l’Union européenne, « dans un contexte international marqué par des conflits armés, le contrôle du commerce des armes est une préoccupation mondiale ».</em></strong>;2024-12-18;Midi Madagasikara;politique
Conseil de la Concurrence : Pour l’application stricte de la loi;https://midi-madagasikara.mg/conseil-de-la-concurrence-pour-lapplication-stricte-de-la-loi/;"«&nbsp;<em>Contribuer au développement économique du pays</em>&nbsp;». Tel est le principal défi qui s’impose au Conseil de la Concurrence Commerciale pour les quatre années qui viennent. Les sept nouveaux membres venaient en effet de prêter serment, hier, devant les magistrats de la Cour Suprême à Anosy. Une cérémonie en présence de la Secrétaire générale du ministère de la Justice et du ministre de l’Industrialisation et du Commerce, David Ralambofiringa. À l’issue de l’événement, le nouveau p";2024-12-18;Midi Madagasikara;politique
Mercédès Rakotomalala Ratsirahonana : « Andry Rajoelina, élu leader politique africain de l’année, un honneur pour nous »;https://midi-madagasikara.mg/mercedes-rakotomalala-ratsirahonana-andry-rajoelina-elu-leader-politique-africain-de-lannee-un-honneur-pour-nous/;<strong><em>La directrice de communication de la Présidence, Mercédès Rakotomalala Ratsirahonana, a donné son avis concernant le président Andry Rajoelina qui a été élu leader politique africain de l’année.</em></strong>;2024-12-18;Midi Madagasikara;politique
BIANCO : 20 ans du bureau et 100 jours du nouveau DG;https://midi-madagasikara.mg/bianco-20-ans-du-bureau-et-100-jours-du-nouveau-dg/;"La rencontre avec&nbsp; le Directeur général du Bureau indépendant anti-corruption (BIANCO), Gaby&nbsp; Nestor Razakamanantsoa, s’est tenue hier à son siège à Ambohibao. Cet évènement, organisé en présence des acteurs des médias, a marqué un double anniversaire&nbsp;: les 100 jours de direction du nouveau Directeur général et les 20 ans d’existence du BIANCO.";2024-12-18;Midi Madagasikara;politique
