Titre;URL;Description;Date;Presse;Catégorie
Au sein du groupe Bayard, les stigmates de la crise;https://www.lemonde.fr/economie/article/2024/12/23/au-sein-du-groupe-bayard-les-stigmates-de-la-crise_6464297_3234.html;La mobilisation qui a secoué le groupe de presse et d’édition fin novembre a laissé des marques au sein de la rédaction du journal catholique « La Croix ».;2024-12-24;Le Monde;economie
Eric Lombard, un banquier « de gauche » à l’économie;https://www.lemonde.fr/economie/article/2024/12/24/eric-lombard-un-banquier-de-gauche-a-l-economie_6464803_3234.html;Nommé à Bercy, l’ancien directeur général de la Caisse des dépôts et consignations croit dans son profil et sa méthode pour faire adopter un budget 2025 combinant baisse du déficit et soutien à la croissance.;2024-12-24;Le Monde;economie
Pour Annie Genevard, confortée dans sa mission au ministère de l’agriculture, les dossiers chauds ne manquent pas;https://www.lemonde.fr/politique/article/2024/12/23/pour-annie-genevard-confortee-dans-sa-mission-au-ministere-de-l-agriculture-les-dossiers-chauds-ne-manquent_6464632_823448.html;Crise sanitaire dans les élevages ovins et bovins, problèmes de trésorerie des céréaliers, accord de libre-échange avec le Mercosur… L’ex-députée (Les Républicains) du Doubs, nommée à ce poste il y a trois mois par Michel Barnier, a devant elle un agenda chargé.;2024-12-24;Le Monde;economie
Honda et Nissan : les enjeux du projet de fusion;https://www.lemonde.fr/economie/article/2024/12/23/le-projet-de-fusion-entre-honda-et-nissan-officiellement-lance_6463683_3234.html;Les dirigeants des deux sociétés ont annoncé le début des négociations afin de créer, avant août 2026, une holding chapeautant les groupes. Le patron de Mitsubishi Motors pourrait rejoindre les discussions fin janvier 2025.;2024-12-24;Le Monde;economie
Démantèlement du « cartel international des pirates du streaming »;https://www.lemonde.fr/economie/article/2024/12/24/demantelement-du-cartel-international-des-pirates-du-streaming_6465884_3234.html;L’enquête italienne a permis d’identifier pas moins de 22 millions d’utilisateurs qui avaient frauduleusement accès aux principales plateformes de streaming, comme Netflix ou Prime Video, mais également aux contenus des principaux diffuseurs italiens comme Sky ou encore Mediaset.;2024-12-24;Le Monde;economie
Ligue 1 : le piratage empoisonne le nouveau diffuseur DAZN;https://www.lemonde.fr/economie/article/2024/12/24/ligue-1-le-piratage-empoisonne-le-nouveau-diffuseur-dazn_6465480_3234.html;Depuis le début de la saison, un nombre croissant de fans du ballon rond passent par des sites de « live streaming » ou installent des boîtiers IPTV pour regarder les matchs. L’Arcom tente de contenir le phénomène qui menace l’équilibre économique des diffuseurs.;2024-12-24;Le Monde;economie
Faut-il apprendre à bricoler pour sauver le climat ?;https://www.lemonde.fr/chaleur-humaine/article/2024/12/24/faut-il-apprendre-a-bricoler-pour-sauver-le-climat_6465040_6125299.html;No description found;2024-12-24;Le Monde;economie
Comment créer une cagnotte solidaire en mémoire d’un proche;https://www.lemonde.fr/argent/article/2024/12/24/comment-creer-une-cagnotte-solidaire-en-memoire-d-un-proche_6464906_1657007.html;Les amis ou la famille d’un défunt peuvent lancer une collecte en faveur d’une cause afin de lui rendre hommage.;2024-12-24;Le Monde;economie
La mort de Didier Pineau-Valencienne, figure combative du capitalisme français;https://www.lemonde.fr/disparitions/article/2024/12/23/la-mort-de-didier-pineau-valencienne-grande-figure-du-capitalisme-francais_6464364_3382.html;Le capitaine d’industrie, ancien patron de Schneider, a été l’un des acteurs majeurs de la transformation du capitalisme français durant les trois dernières décennies du XXᵉ siècle.;2024-12-24;Le Monde;economie
Christophe Castaner nommé conseiller auprès de Shein, le secteur du prêt-à-porter français « profondément indigné »;https://www.lemonde.fr/economie/article/2024/12/23/christophe-castaner-nomme-conseiller-aupres-de-shein-le-secteur-du-pret-a-porter-francais-profondement-indigne_6463884_3234.html;Ministre de l’intérieur au cours du premier mandat d’Emmanuel Macron, il a été nommé au sein du comité responsabilité sociale et environnementale du géant chinois de la fast fashion, ainsi que l’ex-secrétaire d’Etat aux droits des victimes Nicole Guedj et l’ancien patron de la Fédération française de l’assurance Bernard Spitz.;2024-12-24;Le Monde;economie
