Titre;URL;Description;Date;Presse;Catégorie
Douane : Vigilance renforcée aux frontières pendant les fêtes;https://midi-madagasikara.mg/douane-vigilance-renforcee-aux-frontieres-pendant-les-fetes/;"En cette période de fêtes de fin d’année, la douane renforce les dispositifs de sécurité aux frontières. Une réunion tactique a eu lieu avant-hier dans les locaux de la direction générale des douanes à Antaninarenina. Dirigée par le directeur général des douanes, Zafivanona Ernest Lainkana, la réunion a vu la participation de l&rsquo;ensemble des acteurs en charge de la sécurité du territoire, ainsi que des représentants des bureaux des provinces qui sont intervenus par visioconférence. Une occa";2024-12-19;Midi Madagasikara;economie
Soutien aux petits exploitants agricoles : Renforcement du partenariat entre la BAD et la PAFO;https://midi-madagasikara.mg/soutien-aux-petits-exploitants-agricoles-renforcement-du-partenariat-entre-la-bad-et-la-pafo/;La Banque africaine de développement (BAD) et l’Organisation panafricaine des agriculteurs (PAFO) intensifient leur partenariat pour soutenir les petits exploitants agricoles. Une rencontre entre les deux entités s’est tenue au siège du Groupe de la BAD le 13 décembre dernier à Abidjan, sous la conduite d’Ibrahima Coulibaly, président de la PAFO. Selon les explications, cette collaboration s’inscrit dans le cadre du protocole d’accord signé en octobre 2023 et vise à répondre aux défis persistant;2024-12-19;Midi Madagasikara;economie
Environnement : La Maison de la Diplomatie verte pour le pilotage des actions environnementales;https://midi-madagasikara.mg/environnement-la-maison-de-la-diplomatie-verte-pour-le-pilotage-des-actions-environnementales/;<strong>Conçue avec une architecture octogonale et une autonomie énergétique exemplaire, la Maison de la Diplomatie verte se positionne comme un centre névralgique de coordination des actions environnementales.</strong>;2024-12-19;Midi Madagasikara;economie
Journées portes ouvertes : Le ministère de l’Industrialisation et du Commerce se dévoile au grand public;https://midi-madagasikara.mg/journees-portes-ouvertes-le-ministere-de-lindustrialisation-et-du-commerce-se-devoile-au-grand-public/;"<strong><em>Parmi les départements-clé de l&rsquo;économie, le MIC organise ce jour et demain deux journées portes ouvertes.</em></strong>";2024-12-19;Midi Madagasikara;economie
