Titre;URL;Description;Date;Presse;Catégorie
François Bayrou propose de « reprendre sans suspendre » la réforme des retraites adoptée en 2023, lors de sa rencontre avec les forces politiques à Matignon;https://www.lemonde.fr/politique/live/2024/12/19/en-direct-nouveau-gouvernement-francois-bayrou-recoit-les-forces-politiques-a-matignon-hors-rn-et-lfi_6454840_823448.html;Le premier ministre a adressé mercredi une lettre aux chefs de groupe parlementaire et de parti (excluant La France insoumise, le Rassemblement national et l’Union des droites pour la République), ainsi qu’aux présidents des deux Chambres, les invitant à l’hôtel de Matignon jeudi après-midi afin de leur présenter ses orientations.;2024-12-19;Le Monde;politique
Les départements refusent d’endosser seuls la responsabilité des défaillances de la protection de l’enfance;https://www.lemonde.fr/societe/article/2024/12/19/les-departements-refusent-d-endosser-seuls-la-responsabilite-des-defaillances-de-la-protection-de-l-enfance_6457439_3224.html;Auditionnés, mercredi 18 décembre, par une commission d’enquête parlementaire, les représentants des départements, chefs de file de cette politique publique décentralisée, ont étalé leurs difficultés.;2024-12-19;Le Monde;politique
En Guadeloupe, les associations dénoncent la gestion des migrants haïtiens par les autorités;https://www.lemonde.fr/politique/article/2024/12/19/en-guadeloupe-les-associations-denoncent-la-gestion-des-migrants-haitiens-par-les-autorites_6457215_823448.html;L’archipel des Antilles est une terre d’accueil pour les ressortissants d’Haïti, qui fuient la crise politique et la violence des gangs. Mais, outre les difficultés d’obtenir un titre de séjour, la préfecture continue de placer nombre d’entre eux en rétention, voire d’en renvoyer certains dans leur pays.;2024-12-19;Le Monde;politique
Pour les salariés à temps partiel contraint, une situation toujours difficile;https://www.lemonde.fr/politique/article/2024/12/19/pour-les-salaries-a-temps-partiel-contraint-une-situation-toujours-difficile_6457080_823448.html;Relevant l’« impact négatif » de certaines mesures visant à améliorer les conditions de travail, un rapport de l’inspection générale des affaires sociales formule une série de recommandations afin de réduire la précarité.;2024-12-19;Le Monde;politique
Quatre agents du renseignement français détenus au Burkina Faso depuis un an ont été libérés;https://www.lemonde.fr/international/article/2024/12/19/quatre-agents-du-renseignement-francais-detenus-au-burkina-faso-depuis-un-an-ont-ete-liberes_6456806_3210.html;Accusés d’espionnage, ils avaient été arrêtés à Ouagadougou le 1ᵉʳ décembre 2023. Emmanuel Macron a remercié le roi du Maroc pour « la réussite de la médiation » qui a permis leur libération.;2024-12-19;Le Monde;politique
La France face au vent de souverainisme africain;https://www.lemonde.fr/afrique/article/2024/12/19/paris-face-au-vent-de-souverainisme-africain_6456772_3212.html;S’il avait réussi à séduire une partie du continent au début de son premier mandat, Emmanuel Macron a vu nombre d’anciennes colonies françaises lui tourner le dos, incapable de traduire en actes le renouveau qu’il avait promis.;2024-12-19;Le Monde;politique
Nicolas Sarkozy condamné, un séisme dans l’histoire de la Vᵉ République;https://www.lemonde.fr/idees/article/2024/12/19/nicolas-sarkozy-condamne-un-seisme-dans-l-histoire-de-la-v-republique_6456664_3232.html;C’est la première fois qu’une peine aussi lourde est prononcée contre un ex-président de la République. La saisine de la Cour européenne des droits de l’homme qu’il s’apprête à lancer le place dans la situation d’un ancien chef d’Etat qui, après avoir représenté et défendu la France, cherche à la faire condamner.;2024-12-19;Le Monde;politique
Marine Le Pen et Jean-Luc Mélenchon anticipent leur duel présidentiel;https://www.lemonde.fr/politique/article/2024/12/19/marine-le-pen-et-jean-luc-melenchon-anticipent-leur-duel-presidentiel_6456630_823448.html;Les leaders de l’extrême droite et de la gauche radicale espèrent hâter l’élection présidentielle de 2027. Et envisagent un face-à-face qu’ils considèrent comme leur meilleure chance d’accéder à l’Elysée.;2024-12-19;Le Monde;politique
Les largesses fiscales du RN pour accélérer les ventes du livre de Jordan Bardella;https://www.lemonde.fr/politique/article/2024/12/19/les-largesses-fiscales-du-rn-pour-accelerer-les-ventes-du-livre-jordan-bardella_6456591_823448.html;Depuis le 29 novembre, le parti d’extrême droite a offert un ouvrage de son président pour tout don ou adhésion supérieur à 50 euros. Une pratique pouvant contrevenir aux règles régissant la défiscalisation des dons aux partis politiques.;2024-12-19;Le Monde;politique
Emmanuel Macron, une certaine idée du pouvoir;https://www.lemonde.fr/politique/article/2024/12/18/emmanuel-macron-une-certaine-idee-du-pouvoir_6456188_823448.html;"<span class=""article__kicker"">Enquête</span>« Le président et son double » (1/4). Alors que la décision d’Emmanuel Macron de dissoudre l’Assemblée nationale a provoqué une crise politique majeure, « Le Monde » revient dans une série d’articles sur l’évolution déroutante du chef de l’Etat.";2024-12-19;Le Monde;politique
