Titre;URL;Description;Date;Presse;Catégorie
Superdist Gala Award Night 2024, une soirée de reconnaissance et de collaboration;https://midi-madagasikara.mg/superdist-gala-award-night-2024-une-soiree-de-reconnaissance-et-de-collaboration/;Le jeudi 19 décembre, Superdist, acteur majeur de la distribution de solutions technologiques à Madagascar, a organisé son Gala Award Night 2024 à l’Hôtel Colbert. Cette soirée a réuni ses partenaires pour mettre en lumière les performances de l’année et renforcer les liens de collaboration.<br>Au programme : remise de prix aux meilleurs partenaires, donation au Lions Club pour leurs projets 2025, et moments d’échange lors d’un cocktail convivial. Une occasion pour Superdist de saluer l’engageme;2024-12-23;Midi Madagasikara;economie
Base Toliara : La relance du projet annoncée en grande pompe;https://midi-madagasikara.mg/base-toliara-la-relance-du-projet-annoncee-en-grande-pompe/;"<strong>Unanime. Les autorités et la population de Toliara se réjouissent de la relance désormais effective du projet Base Toliara.&nbsp;</strong>";2024-12-23;Midi Madagasikara;economie
Destination Itasy : 32 sites touristiques à valoriser;https://midi-madagasikara.mg/destination-itasy-32-sites-touristiques-a-valoriser/;"<strong><em>L’Office régional du tourisme d’Itasy (ORTI) ne ménage pas ses efforts pour promouvoir la destination Itasy, qui est une destination phare très prisée par les vacanciers de la capitale en raison de sa proximité.&nbsp;</em></strong>";2024-12-23;Midi Madagasikara;economie
Madagascar Airlines : Arrivée d’un nouvel ATR 72 – 500;https://midi-madagasikara.mg/madagascar-airlines-arrivee-dun-nouvel-atr-72-500/;"La flotte de Madagascar Airlines se renforce. La compagnie aérienne nationale. Un ATR 72 – 500 est arrivé samedi soir à l’aéroport d’Ivato.&nbsp; Le&nbsp; nouvel appareil qui sera mis en service dès cette semaine réglera en partie les problèmes de perturbation de vols endurés par Madagascar Airlines, ces derniers temps. Contrairement aux deux derniers aéronefs acquis sous forme de location, ce nouvel ATR 72 – 500 est le premier d’une longue série à l’effigie de la compagnie. Cette acquisition&nb";2024-12-23;Midi Madagasikara;economie
