Titre;URL;Description;Date;Presse;Catégorie
Industrialisation et commerce : Région DIANA, un pas vers le développement;https://midi-madagasikara.mg/region-diana-un-pas-vers-le-developpement/;"Certes, il est venu à Antsiranana dans le cadre de la JIR (Journée internationale des Régions). Cependant, il n&rsquo;a pas oublié de rendre visite à l&rsquo;équipe de la direction régionale de l&rsquo;Industrialisation et du commerce (DRIC) de la DIANA. Le jeudi 18 décembre, le premier responsable du département de l&rsquo;Industrialisation et du Commerce s&rsquo;est entretenu avec le personnel de la DRIC-DIANA au premier étage du bloc administratif. David Ralambofiringa a encouragé les représe";2024-12-24;Midi Madagasikara;economie
Crise du cacao : Une qualité en péril face à la prolifération des substituts;https://midi-madagasikara.mg/une-qualite-en-peril-face-a-la-proliferation-des-substituts/;"<strong>La crise mondiale du cacao a pris une ampleur inédite, menaçant à la fois la production et la qualité du chocolat, notamment en cette période de fêtes de fin d&rsquo;année.</strong>";2024-12-24;Midi Madagasikara;economie
Bosch CTmotors : Ouverture du centre-auto sur la côte Est;https://midi-madagasikara.mg/ouverture-du-centre-auto-sur-la-cote-est/;CTmotors, représentant officiel de la marque Bosch à Madagascar, a ouvert un tout nouveau centre-auto sur la côte Est. Cette expansion, qui marque le troisième anniversaire de la marque, vient renforcer la présence de l’entreprise dans le pays et témoigne de son engagement à offrir des prestations de qualité à ses clients. Après les deux centres-autos à Antananarivo, ce troisième site à Toamasina poursuit l’objectif de CTmotors : couvrir l’ensemble du territoire malgache et répondre aux besoins ;2024-12-24;Midi Madagasikara;economie
Orange Madagascar : Action solidaire auprès des enfants malades pour des sourires de Noël;https://midi-madagasikara.mg/action-solidaire-aupres-des-enfants-malades-pour-des-sourires-de-noel/;"<strong><em>Au-delà des festivités, Noël reste un moment privilégié pour semer des graines de solidarité et d’amour dans le cœur des plus jeunes et de leurs familles, d’après l’initiative d&rsquo;Orange Solidarité Madagascar.</em></strong>";2024-12-24;Midi Madagasikara;economie
Destination Madagascar : 232 658 touristes internationaux enregistrés;https://midi-madagasikara.mg/232-658-touristes-internationaux-enregistres/;<strong><em>Le secteur du tourisme est en pleine expansion surtout en cette période de haute saison.</em></strong>;2024-12-24;Midi Madagasikara;economie
Secteur financier : La CEM, première institution signataire du WeFi Code;https://midi-madagasikara.mg/la-cem-premiere-institution-signataire-du-wefi-code/;<strong><em>La Caisse d’Epargne de Madagascar (CEM) fait d’une pierre deux coups. La clôture du centenaire de l’épargne mondiale, célébré par toutes les institutions membres du World savings and retail banking institute (WSBI) dont elle est membre, était également l’occasion pour la signature officielle de la convention WeFi Code avec la Banque mondiale.</em></strong>;2024-12-24;Midi Madagasikara;economie
