Titre;URL;Description;Date;Presse;Catégorie
Passation de service : Jahdà Hermine Tsirinary cède la place à Jean Marc Andriamamonjisoa;https://midi-madagasikara.mg/jahda-hermine-tsirinary-cede-la-place-a-jean-marc-andriamamonjisoa/;"<p class=""MsoNormal"" style=""text-align:justify"">";2024-12-24;Midi Madagasikara;politique
Marc Ravalomanana : « Pas d’alternance possible par les élections»;https://midi-madagasikara.mg/pas-dalternance-possible-par-les-elections/;<strong><em>Les résultats des élections communales et municipales du 11 décembre continuent de monopoliser le débat politique.</em></strong>;2024-12-24;Midi Madagasikara;politique
Arène politique : Emergence de nouvelles figures de l’opposition;https://midi-madagasikara.mg/emergence-de-nouvelles-figures-de-lopposition/;"<strong><em>Les dernières élections municipales et communales ont bousculé l&rsquo;émergence de nouvelles figures de l&rsquo;opposition, prêtes à défier le régime en place et à revendiquer un « changement ».</em></strong>";2024-12-24;Midi Madagasikara;politique
Farafangana : Le ministre coach, au chevet des sinistrés d’un incendie;https://midi-madagasikara.mg/le-ministre-coach-au-chevet-des-sinistres-dun-incendie/;<strong>Berondra. </strong>En sa qualité de ministre coach de la Région Sud-Est, Benjamin Alexis Rakotomandimby s’est rendu hier à Berondra, commune de Maheriraty, district de Farafangana pour apporter une aide de première urgence (sacs de riz, huile alimentaire, ustensiles de cuisine…) aux 209 sinistrés de l’incendie qui a réduit en cendres 84 cases d’habitation.;2024-12-24;Midi Madagasikara;politique
