Titre;URL;Description;Date;Presse;Catégorie
Santé publique : Clap de fin pour le projet IMPACT de l’USAID;https://midi-madagasikara.mg/sante-publique-clap-de-fin-pour-le-projet-impact-de-lusaid/;"Lancé en 2018, le projet IMPACT (Improving Market Partnership and Access to Commodities Together), financé par l&rsquo;USAID touche à sa fin après avoir transformé l’accès à la santé. Mis en œuvre par PSI Madagascar, en partenariat avec PATH, Management Sciences for Health, Banyan Global et la Fondation Axian, le projet s’est attelé à relever les défis de la chaîne d’approvisionnement en santé en adoptant une approche de marché total impliquant les secteurs public, privé et communautaire.";2024-12-23;Midi Madagasikara;societe
Prévision météo : De la pluie pour Noël;https://midi-madagasikara.mg/prevision-meteo-de-la-pluie-pour-noel/;Après des semaines sans pluie, des précipitations sont attendues dans quelques localités du pays pour la fête de Noël. Selon les prévisions, les conditions météorologiques seront favorables aux averses isolées orageuses sur les parties Ouest, Sud ainsi que les Hautes terres centrales, le 24 décembre. Ceux qui prévoient de passer le réveillon de Noël dehors, devront donc se munir de leurs parapluies. Le 25 décembre, les conditions météorologiques seront favorables aux averses isolées orageuses su;2024-12-23;Midi Madagasikara;societe
Fêtes de fin d’année : Des taxi-be en service jusqu’à minuit;https://midi-madagasikara.mg/fetes-de-fin-dannee-des-taxi-be-en-service-jusqua-minuit/;<strong><em>Les taxi-be de l’Union des coopératives de transport urbain sont autorisés à travailler de 20h à minuit jusqu’au 5 janvier 2025 en raison des fêtes de fin d’année .Le ticket sera de 1 000 à 2 000 ariary en fonction de l’itinéraire. </em></strong>;2024-12-23;Midi Madagasikara;societe
Tourisme et hôtellerie : Renforcement des capacités pour 203 étudiants;https://midi-madagasikara.mg/tourisme-et-hotellerie-renforcement-des-capacites-pour-203-etudiants/;"<span style=""text-align: justify; color: initial;"">Au total, 203 étudiants ont terminé avec succès la formation dispensée par la Fédération des Hôteliers et de Restaurateurs de Madagascar (FHORM), en étroite collaboration avec l’Institut National du Tourisme et de l’Hôtellerie (INTH). Grâce au Projet d’Intérêt National Prioritaire (PINP), ils ont pu renforcer leurs compétences gratuitement pendant trois mois en hôtellerie de luxe. La remise de leur certificat s’est déroulée vendredi à l’hôtel Le";2024-12-23;Midi Madagasikara;societe
