Titre;URL;Description;Date;Presse;Catégorie
Un adolescent de 16 ans tué lors d’une rixe à Paris;https://www.lemonde.fr/societe/article/2024/12/17/un-adolescent-de-16-ans-tue-lors-d-une-rixe-a-paris_6453741_3224.html;La victime n’était pas scolarisée dans la capitale, mais dans un lycée professionnel d’Alfortville, dans le Val-de-Marne. Deux cellules psychologiques ont été mises en place, l’une au lycée près duquel le drame a eu lieu, l’autre dans l’établissement de la victime.;2024-12-18;Le Monde;societe
Un antifasciste albanais, installé en France, sous la menace d’une procédure judiciaire hongroise;https://www.lemonde.fr/societe/article/2024/12/17/un-antifasciste-albanais-installe-en-france-sous-la-menace-d-une-procedure-judiciaire-hongroise_6453911_3224.html;Interpellé par la police française après l’émission d’un mandat d’arrêt européen par la Hongrie, qui l’accuse de violences en marge d’une manifestation, Rexhino Abazaj, soutenu par de nombreuses figures intellectuelles de gauche, demande sa remise en liberté.;2024-12-18;Le Monde;societe
L’« étonnant » partenariat entre le rectorat de Versailles et l’enseignement catholique : scolariser des élèves sans affectation dans des lycées privés sous contrat;https://www.lemonde.fr/societe/article/2024/12/17/lyceens-sans-affectation-l-etonnant-partenariat-entre-le-rectorat-de-versailles-et-l-enseignement-catholique_6452943_3224.html;Dans le Val-d’Oise et l’Essonne, environ 800 élèves, la plupart en voie professionnelle, n’avaient pas trouvé de place dans un établissement public mi-septembre. Des conventions ont été signées pour rediriger une trentaine de jeunes. Mais le flou demeure sur les conditions financières de ce dispositif.;2024-12-18;Le Monde;societe
De « Charlie » au procès Paty, des lycéens face aux attentats : « On a grandi avec le terrorisme sans forcément tout comprendre »;https://www.lemonde.fr/societe/article/2024/12/18/de-charlie-au-proces-paty-des-lyceens-face-aux-attentats-on-a-grandi-avec-le-terrorisme-sans-forcement-tout-comprendre_6455180_3224.html;Des élèves de terminale de Savigny-sur-Orge ont assisté lors d’une matinée au procès de l’assassinat du professeur d’histoire-géographie et rencontré des victimes des attaques de 2015. L’occasion pour leurs enseignants de mêler éducation à la citoyenneté, connaissance de la justice et enjeux mémoriels.;2024-12-18;Le Monde;societe
Des distributeurs de cryptomonnaies illégaux, installés dans des épiceries ou des taxiphones, saisis par la justice;https://www.lemonde.fr/pixels/article/2024/12/18/des-distributeurs-de-cryptomonnaies-illegaux-installes-dans-des-epiceries-ou-des-taxiphones-saisis-par-la-justice_6456190_4408996.html;Une douzaine d’appareils ont été saisis par les autorités françaises. Nichés dans des boutiques comme des restaurants de kebabs ou des revendeurs de téléphones, ils sont soupçonnés de servir à des opérations de blanchiment.;2024-12-18;Le Monde;societe
Poursuivi pour complicité de harcèlement moral, Bruno Lasserre, l’ancien patron de l’Autorité de la concurrence, a été relaxé;https://www.lemonde.fr/societe/article/2024/12/18/poursuivi-pour-complicite-de-harcelement-moral-bruno-lasserre-l-ancien-patron-de-l-autorite-de-la-concurrence-a-ete-relaxe_6456187_3224.html;Il était poursuivi pour « complicité de harcèlement moral » après le suicide d’un salarié en mars 2014 alors qu’il était à la tête de l’organisation. Alain Mouzon avait dénoncé l’épuisement professionnel dont il avait été victime.;2024-12-18;Le Monde;societe
Au procès de l’assassinat de Samuel Paty, les avocats de Brahim Chnina et d’Abdelhakim Sefrioui ébranlent la thèse de l’accusation;https://www.lemonde.fr/societe/article/2024/12/18/au-proces-de-l-assassinat-de-samuel-paty-les-avocats-de-brahim-chnina-et-d-abdelhakim-sefrioui-ebranlent-la-these-de-l-accusation_6455949_3224.html;Les défenseurs des deux responsables de la campagne numérique qui a été fatale au professeur ont plaidé l’acquittement, mardi 17 et mercredi 18 décembre, en faisant valoir l’absence d’« intention terroriste ».;2024-12-18;Le Monde;societe
En Normandie, une femme porte plainte contre l’enseignement catholique pour discrimination en raison de son orientation sexuelle;https://www.lemonde.fr/societe/article/2024/12/18/en-normandie-une-femme-porte-plainte-contre-l-enseignement-catholique-pour-discrimination-en-raison-de-son-orientation-sexuelle_6455948_3224.html;Sur les réseaux sociaux, la plaignante avait posté des vidéos où elle faisait part de sa vie amoureuse et de sa bisexualité. La présidente de l’organisme de gestion de l’enseignement catholique lui avait annoncé que « soumise à la pression des familles » de Bayeux, elle avait dû mettre un terme a son contrat.;2024-12-18;Le Monde;societe
Comment Nicolas Sarkozy a été définitivement condamné dans l’affaire des écoutes;https://www.lemonde.fr/societe/article/2024/12/18/comment-nicolas-sarkozy-a-ete-definitivement-condamne-dans-l-affaire-des-ecoutes_6455946_3224.html;La Cour de cassation a confirmé, mercredi 18 décembre, la condamnation de l’ex-chef de l’Etat à trois ans de prison, dont un an ferme, sous bracelet électronique, pour « corruption » et « trafic d’influence ».;2024-12-18;Le Monde;societe
Violences sur mineurs en familles d’accueil : des peines allant jusqu’à six ans de prison ferme pour les prévenus;https://www.lemonde.fr/societe/article/2024/12/18/violences-sur-mineurs-en-familles-d-accueil-des-peines-allant-jusqu-a-six-ans-de-prison-ferme-pour-les-prevenus_6455908_3224.html;Dix-huit personnes comparaissaient devant le tribunal correctionnel de Châteauroux pour des faits de violences, travail dissimulé en bande organisée, accueil de mineurs sans déclaration préalable et administration de substance nuisible ou usage de faux en écriture.;2024-12-18;Le Monde;societe
