Titre;URL;Description;Date;Presse;Catégorie
La consultation chez le médecin passe à 30 euros : le débat sur le coût de la santé relancé;https://www.lemonde.fr/societe/article/2024/12/22/la-consultation-chez-le-medecin-passe-a-30-euros-le-debat-sur-le-cout-de-la-sante-relance_6461774_3224.html;Cette hausse entre en vigueur le 22 décembre chez les généralistes. Si elle n’aura pas d’impact majeur direct sur les patients bénéficiant d’une mutuelle, elle intervient dans un contexte où d’autres efforts devraient peser sur le budget santé des ménages.;2024-12-24;Le Monde;societe
Quatre ans après la crise sanitaire, des étudiants en quête de lien social;https://www.lemonde.fr/campus/article/2024/12/24/quatre-ans-apres-la-crise-sanitaire-des-etudiants-en-quete-de-lien-social_6464768_4401467.html;L’association StudHelp met en relation jeunes et familles d’accueil le temps d’un repas pour les fêtes de fin d’année. Fragilisés depuis la pandémie de Covid-19, ceux-ci peinent à s’intégrer socialement.;2024-12-24;Le Monde;societe
Les multiples conflits d’intérêts familiaux du sénateur de Loir-et-Cher Jean-Luc Brault;https://www.lemonde.fr/societe/article/2024/12/23/les-multiples-conflits-d-interets-familiaux-du-senateur-du-loir-et-cher-jean-luc-brault_6463177_3224.html;Déjà visé par une enquête préliminaire du parquet de Blois, l’ancien maire du Controis-en-Sologne, membre du groupe Les Indépendants-République et territoires au Sénat, est critiqué par la chambre régionale des comptes, notamment pour avoir signé plusieurs marchés publics au profit de ses enfants.;2024-12-24;Le Monde;societe
L’hébergement d’urgence saturé : « On n’arrive pas à mettre à l’abri les personnes à la rue les plus vulnérables »;https://www.lemonde.fr/societe/article/2024/12/22/l-hebergement-d-urgence-sature-des-femmes-sortant-de-maternite-se-retrouvent-sans-logement_6461772_3224.html;En dépit d’un dispositif renforcé depuis 2010, la demande excède largement le nombre de places disponibles, et la tension est très forte à l’entrée de l’hiver. De nombreuses personnes se heurtent à des refus et, de plus en plus, n’appellent même plus le 115.;2024-12-24;Le Monde;societe
A Ajaccio, un mort et six blessés après des coups de feu dans un bar;https://www.lemonde.fr/societe/article/2024/12/24/a-ajaccio-un-mort-et-six-blesses-apres-des-coups-de-feu-dans-un-bar_6466018_3224.html;Selon les premiers éléments de l’enquête, un homme qui se trouvait à l’intérieur de l’établissement Le Lamparo, un bar de bord de mer, a ouvert le feu contre un autre individu. La piste d’un différend privé est privilégiée.;2024-12-24;Le Monde;societe
Télésiège en panne dans les Hautes-Alpes : 240 skieurs évacués à l’aide d’un hélicoptère;https://www.lemonde.fr/societe/article/2024/12/24/telesiege-en-panne-dans-les-hautes-alpes-240-skieurs-evacues-a-l-aide-d-un-helicoptere_6465851_3224.html;La panne a eu lieu aux alentours de 13 heures. A 16 h 45, la préfecture a communiqué que l’opération de secours était terminée.;2024-12-24;Le Monde;societe
Le pape François célèbre Noël à Rome et lance l’Année sainte prévue en 2025;https://www.lemonde.fr/religions/article/2024/12/24/le-pape-francois-celebre-noel-a-rome-et-lance-l-annee-sainte-prevue-en-2025_6465653_1653130.html;Pour inaugurer ce grand pèlerinage international auquel participeront 30 millions de fidèles, le pape procédera le mardi 24 décembre à l’ouverture de la Porte sainte de la basilique Saint-Pierre de Rome.;2024-12-24;Le Monde;societe
Notre-Dame accueille ses premières messes de Noël depuis l’incendie de 2019;https://www.lemonde.fr/religions/article/2024/12/24/notre-dame-accueille-ses-premieres-messes-de-noel-depuis-l-incendie-de-2019_6465042_1653130.html;« Aucune réservation n’est possible pour les messes de Noël » et l’accès à la cathédrale se fera « dans la limite des places disponibles », a précisé le diocèse de Paris.;2024-12-24;Le Monde;societe
Comment la Bible est parvenue jusqu’à nous, des papyrus aux copies des moines;https://www.lemonde.fr/le-monde-des-religions/article/2024/12/24/des-papyrus-aux-copies-des-moines-comment-la-bible-est-parvenue-jusqu-a-nous_6464907_6038514.html;Les textes originaux de la Bible hébraïque et du Nouveau Testament sont-ils perdus à jamais ? La découverte de nombreux papyrus anciens au XXᵉ siècle n’a fait qu’épaissir le mystère, car ils comportent des divergences avec les manuscrits dont on disposait auparavant. En cette veille de Noël, nous partons sur les traces des versions perdues des textes fondateurs du judaïsme et du christianisme.;2024-12-24;Le Monde;societe
Gérald Darmanin obtient le ministère de la justice, où il s’inscrit dans la continuité de son action Place Beauvau;https://www.lemonde.fr/politique/article/2024/12/24/gerald-darmanin-obtient-le-ministere-de-la-justice-ou-il-s-inscrit-dans-la-continuite-de-son-action-place-beauvau_6464769_823448.html;L’ancien ministre de l’intérieur fait son retour au gouvernement, une victoire pour celui qui ne se satisfaisait pas de ses nouveaux habits de député. Mais il devra composer avec Bruno Retailleau, qui n’entend pas se laisser caporaliser.;2024-12-24;Le Monde;societe
