Titre;URL;Description;Date;Presse;Catégorie
Le souvenir du massacre de Gwangju au cœur de la mobilisation contre la loi martiale en Corée du Sud;https://www.lemonde.fr/international/article/2024/12/24/le-souvenir-du-massacre-de-gwangju-au-c-ur-de-la-mobilisation-contre-la-loi-martiale-en-coree-du-sud_6465041_3210.html;Marqués par le massacre perpétré en mai 1980 au temps de la dictature, les habitants de Gwangju se sont mobilisés le 3 décembre contre la décision par la suite annulée du président Yoon Suk Yeol, sous le coup d’une procédure de destitution.;2024-12-25;Le Monde;international
L’Ukraine accuse la Russie de multiplier les exécutions sommaires de soldats capturés sur le front;https://www.lemonde.fr/international/article/2024/12/25/l-ukraine-accuse-la-russie-de-multiplier-les-executions-sommaires-de-soldats-captures-sur-le-front_6466894_3210.html;De très nombreuses vidéos témoignent des exactions commises par les troupes de Vladimir Poutine. Les Ukrainiens ont, eux aussi, pu perpétrer des crimes de guerre, mais ils disent enquêter dessus.;2024-12-25;Le Monde;international
Syrie : « Avec tout le monde, on arrivera à reconstruire le pays », espère l’évêque catholique d’Alep;https://www.lemonde.fr/international/article/2024/12/24/syrie-avec-tout-le-monde-on-arrivera-a-reconstruire-le-pays-espere-l-eveque-catholique-d-alep_6465176_3210.html;"<span class=""article__kicker"">Rencontre</span>L’évêque Hanna Jallouf, chef des catholiques latins dans le pays, a côtoyé Ahmed Al-Charaa, le chef du groupe islamiste Hayat Tahrir Al-Cham, lorsqu’il était prêtre à Idlib et assure que « le chef des rebelles tient parole ».";2024-12-25;Le Monde;international
En Albanie, de spectaculaires purges anticorruption dans la magistrature;https://www.lemonde.fr/international/article/2024/12/24/en-albanie-de-spectaculaires-purges-anticorruption-dans-la-magistrature_6465515_3210.html;En sept ans, une commission indépendante a passé au crible le patrimoine des magistrats pour vérifier s’ils pouvaient en expliquer l’origine. La moitié d’entre eux ont été limogés.;2024-12-25;Le Monde;international
Le Costa Rica, terre d’exil de la diaspora nicaraguayenne;https://www.lemonde.fr/international/article/2024/12/25/le-costa-rica-terre-d-exil-de-la-diaspora-nicaraguayenne_6467300_3210.html;"<span class=""article__kicker"">Reportage</span>Depuis le soulèvement de 2018, environ 800 000 Nicaraguayens ont quitté leur pays. Près de la moitié de ces exilés se trouvent aujourd’hui au Costa Rica dans des conditions précaires et récréent des réseaux associatifs et d’information fermés par le régime autoritaire de Daniel Ortega et de son épouse, Rosario Murillo.";2024-12-25;Le Monde;international
En direct, guerre en Ukraine : Volodymyr Zelensky dénonce une attaque massive « inhumaine » de Moscou sur l’Ukraine le jour de Noël;https://www.lemonde.fr/international/live/2024/12/25/en-direct-guerre-en-ukraine-volodymyr-zelensky-denonce-une-attaque-massive-inhumaine-de-moscou-sur-l-ukraine-le-jour-de-noel_6461877_3210.html;Kiev a rapporté une attaque russe « massive » de missiles sur ses infrastructures énergétiques, mercredi. A Kharkiv, un demi-million de foyers sont sans électricité, sans chauffage ni eau courante, a annoncé le gouverneur régional.;2024-12-25;Le Monde;international
En direct, guerres au Proche-Orient : Israël et le Hamas se renvoient la responsabilité de l’échec des négociations concernant un cessez-le-feu à Gaza;https://www.lemonde.fr/international/live/2024/12/25/en-direct-guerres-au-proche-orient-israel-et-le-hamas-se-renvoient-la-responsabilite-de-l-echec-des-negociations-concernant-un-cessez-le-feu-a-gaza_6454724_3210.html;Alors que les négociations se poursuivent, « l’occupation [israélienne] a imposé de nouvelles conditions », a fait savoir le Hamas. « L’organisation terroriste Hamas ment une fois de plus », a répondu le bureau du premier ministre israélien, Benyamin Nétanyahou.;2024-12-25;Le Monde;international
Un avion d’Azerbaijan Airlines s’écrase au Kazakhstan, près de la ville d’Aktaou, faisant au moins 38 morts;https://www.lemonde.fr/international/article/2024/12/25/un-avion-d-azerbaijan-airlines-s-ecrase-au-kazakhstan-pres-de-la-ville-d-aktaou-faisant-au-moins-38-morts_6466453_3211.html;L’appareil s’est écrasé mercredi avec 67 personnes à son bord dans l’ouest du Kazakhstan, ont annoncé les autorités médicales régionales.;2024-12-25;Le Monde;international
Le naufrage d’un cargo russe en Méditerranée est dû à une « attaque terroriste », affirme son entreprise propriétaire, sans étayer ses propos;https://www.lemonde.fr/international/article/2024/12/25/le-naufrage-d-un-cargo-russe-en-mediterranee-est-du-a-une-attaque-terroriste-affirme-son-entreprise-proprietaire-sans-etayer-ses-propos_6467131_3210.html;Dans la nuit de lundi à mardi, le cargo russe « Ursa Major » a émis un appel d’alerte. Quatorze marins ont pu être sauvés et deux sont portés disparus, selon la cellule de crise du ministère des affaires étrangères russe.;2024-12-25;Le Monde;international
A la frontière entre les Etats-Unis et le Canada, l’influence de Donald Trump se fait déjà sentir;https://www.lemonde.fr/international/article/2024/12/25/a-la-frontiere-entre-les-etats-unis-et-le-canada-l-influence-de-donald-trump-se-fait-deja-sentir_6467064_3210.html;Depuis que le président élu américain a menacé le Canada et le Mexique d’imposer des taxes sur leurs produits s’ils ne réduisent pas les passages de migrants en situation irrégulière, le gouvernement de Justin Trudeau a décidé de renforcer la surveillance de la frontière.;2024-12-25;Le Monde;international
