Titre;URL;Description;Date;Presse;Catégorie
Les prévisions moroses pour l’économie française en 2025 : croissance, chômage, commerce extérieur…;https://www.lemonde.fr/economie/article/2024/12/17/croissance-chomage-commerce-exterieur-les-previsions-moroses-pour-l-economie-francaise-en-2025_6453912_3234.html;L’économie devrait croître de 1,1 % en 2024, selon les nouvelles prévisions de l’Insee, publiées mardi 17 décembre. Le produit intérieur brut devrait progresser de 0,2 % seulement au premier comme au deuxième trimestre 2025, tandis que le marché de l’emploi devrait se dégrader.;2024-12-18;Le Monde;economie
La dette, un sujet qui monte dans l’opinion;https://www.lemonde.fr/economie/article/2024/12/18/la-dette-un-sujet-qui-monte-dans-l-opinion_6455221_3234.html;A l’occasion de la 26ᵉ Journée du livre d’économie, mercredi 18 décembre, un sondage confirme l’inquiétude des Français pour les comptes publics.;2024-12-18;Le Monde;economie
L’Europe peine à enrayer la fuite des cerveaux;https://www.lemonde.fr/economie/article/2024/12/18/l-europe-peine-a-enrayer-la-fuite-des-cerveaux_6454837_3234.html;« L’Europe décroche » (3/6). En septembre, Mario Draghi, l’ancien premier ministre italien, a remis un rapport alarmiste sur le décrochage économique européen. Dans la concurrence mondiale exacerbée pour attirer les talents, le Vieux Continent est largement dépassé par les Etats-Unis.;2024-12-18;Le Monde;economie
Au Crédit agricole, Olivier Gavalda choisi pour succéder à Philippe Brassac;https://www.lemonde.fr/economie/article/2024/12/17/au-credit-agricole-olivier-gavalda-choisi-pour-succeder-a-philippe-brassac_6454286_3234.html;Mardi 17 décembre, le conseil d’administration de l’entité cotée du groupe a désigné Olivier Gavalda pour succéder à Philippe Brassac en mai 2025. Parmi les dossiers qui l’attendent figurent l’avenir des activités italiennes, les difficultés de Worldline et la recomposition du marché de la gestion d’actifs.;2024-12-18;Le Monde;economie
Le « Bondy Blog » appelle à la générosité des donateurs;https://www.lemonde.fr/economie/article/2024/12/18/le-bondy-blog-appelle-a-la-generosite-des-donateurs_6456186_3234.html;A l’aube de fêter son vingtième anniversaire, le média en ligne fait un appel aux dons afin de contrebalancer la baisse drastique de ses subventions publiques.;2024-12-18;Le Monde;economie
Chez Birkenstock, été et hiver font la paire;https://www.lemonde.fr/economie/article/2024/12/18/chez-birkenstock-ete-et-hiver-font-la-paire_6456153_3234.html;La marque allemande rencontre un vif succès et va poursuivre l’expansion de son réseau de boutiques partout dans le monde. Son PDG a annoncé, mercredi 18 décembre, que le chiffre d’affaires a bondi de 22 % sur l’exercice 2024.;2024-12-18;Le Monde;economie
Le Conseil d’Etat annule l’arrêté créant une plateforme de « taxis volants » à Paris;https://www.lemonde.fr/economie/article/2024/12/18/le-conseil-d-etat-annule-l-arrete-creant-une-plateforme-de-taxis-volants-a-paris_6456086_3234.html;La haute juridiction administrative, saisie en référé, avait donné le 24 juillet un accord provisoire à ce « vertiport » installé au niveau da le gare d’Austerlitz, dans l’est de la capitale.;2024-12-18;Le Monde;economie
Pour le projet emblématique de réindustrialisation de la papeterie Chapelle-Darblay, près de Rouen, « le temps est compté »;https://www.lemonde.fr/economie/article/2024/12/18/pour-le-projet-emblematique-de-reindustrialisation-de-la-papeterie-chapelle-darblay-pres-de-rouen-le-temps-est-compte_6455953_3234.html;La secrétaire générale de la CGT, Sophie Binet, et le maire socialiste de Rouen, Nicolas Mayer-Rossignol, ont écrit, mardi 17 décembre, au premier ministre, François Bayrou. Ils lui demandent, d’ici à vendredi, un soutien de l’Etat à ce projet emblématique.;2024-12-18;Le Monde;economie
Astrid Panosyan-Bouvet, la ministre démissionnaire du travail que les partenaires sociaux aimeraient voir rester;https://www.lemonde.fr/politique/article/2024/12/18/astrid-panosyan-bouvet-la-ministre-demissionnaire-du-travail-que-les-partenaires-sociaux-aimeraient-voir-rester_6455912_823448.html;Jugée à l’écoute et soucieuse du dialogue social, la macroniste de la première heure a redonné des marges de manœuvre pour négocier au patronat et aux syndicats, loin des pratiques qui ont prévalu depuis 2017.;2024-12-18;Le Monde;economie
« StreetPress » appelle aux dons et espère six mille donateurs mensuels;https://www.lemonde.fr/economie/article/2024/12/18/streetpress-appelle-aux-dons-et-espere-six-mille-donateurs-mensuels_6455807_3234.html;La récurrence des dons au site d’information gratuit, et engagé contre l’extrême droite, lui permettrait d’envisager l’avenir avec davantage de sérénité, explique son fondateur, Johan Weisz-Myara.;2024-12-18;Le Monde;economie
