Titre;URL;Description;Date;Presse;Catégorie
Pour Annie Genevard, confortée dans sa mission au ministère de l’agriculture, les dossiers chauds ne manquent pas;https://www.lemonde.fr/politique/article/2024/12/23/pour-annie-genevard-confortee-dans-sa-mission-au-ministere-de-l-agriculture-les-dossiers-chauds-ne-manquent_6464632_823448.html;Crise sanitaire dans les élevages ovins et bovins, problèmes de trésorerie des céréaliers, accord de libre-échange avec le Mercosur… L’ex-députée (Les Républicains) du Doubs, nommée à ce poste il y a trois mois par Michel Barnier, a devant elle un agenda chargé.;2024-12-25;Le Monde;economie
Au sein du groupe Bayard, les stigmates de la crise;https://www.lemonde.fr/economie/article/2024/12/23/au-sein-du-groupe-bayard-les-stigmates-de-la-crise_6464297_3234.html;La mobilisation qui a secoué le groupe de presse et d’édition fin novembre a laissé des marques au sein de la rédaction du journal catholique « La Croix ».;2024-12-25;Le Monde;economie
Eric Lombard, un banquier « de gauche » à l’économie;https://www.lemonde.fr/economie/article/2024/12/24/eric-lombard-un-banquier-de-gauche-a-l-economie_6464803_3234.html;Nommé à Bercy, l’ancien directeur général de la Caisse des dépôts et consignations croit dans son profil et sa méthode pour faire adopter un budget 2025 combinant baisse du déficit et soutien à la croissance.;2024-12-25;Le Monde;economie
Honda et Nissan : les enjeux du projet de fusion;https://www.lemonde.fr/economie/article/2024/12/23/le-projet-de-fusion-entre-honda-et-nissan-officiellement-lance_6463683_3234.html;Les dirigeants des deux sociétés ont annoncé le début des négociations afin de créer, avant août 2026, une holding chapeautant les groupes. Le patron de Mitsubishi Motors pourrait rejoindre les discussions fin janvier 2025.;2024-12-25;Le Monde;economie
Intelligence artificielle : avec xAI et Grok, Musk veut sa revanche;https://www.lemonde.fr/economie/article/2024/12/25/intelligence-artificielle-avec-xai-et-grok-musk-veut-sa-revanche_6467200_3234.html;Avec sa start-up d’IA et son robot conversationnel, le patron de Tesla et conseiller de Trump défie et inquiète les concurrents comme OpenAI.;2024-12-25;Le Monde;economie
« Il est absurde de renoncer à un outil de politique monétaire parce qu’il doit être utilisé avec prudence »;https://www.lemonde.fr/idees/article/2024/12/25/il-est-absurde-de-renoncer-a-un-outil-de-politique-monetaire-parce-qu-il-doit-etre-utilise-avec-prudence_6466352_3232.html;Les banques centrales devraient se préparer à effectuer des transferts directs aux ménages pour soutenir l’économie, estiment les économistes Johannes Boehm et Xavier Jaravel dans une tribune au « Monde ». Une méthode à explorer si la politique monétaire conventionnelle s’avère inefficace.;2024-12-25;Le Monde;economie
Le trafic des TGV vers le sud-est reprend progressivement après des retards la nuit de Noël dus à un « accident de personne »;https://www.lemonde.fr/economie/article/2024/12/25/une-dizaine-de-tgv-sud-est-retardes-apres-un-accident-de-personne-en-seine-et-marne_6466151_3234.html;Les trains ont dû emprunter « un autre itinéraire », occasionnant jusqu’à cinq heures de retard le soir du réveillon. La SNCF a confirmé mercredi le suicide du conducteur d’un TGV ayant entraîné les perturbations.;2024-12-25;Le Monde;economie
