Titre;URL;Description;Date;Presse;Catégorie
Les deux groupes télévisés les plus influents de Pologne placés sur la liste des entreprises stratégiques;https://www.lemonde.fr/international/article/2024/12/19/les-deux-groupes-televises-les-plus-influents-de-pologne-places-sur-la-liste-des-entreprises-strategiques_6457257_3210.html;Face à une menace venue de « l’Est », le premier ministre polonais a décidé de protéger les deux plus grands groupes télévisés du pays, en passe d’être revendus.;2024-12-19;Le Monde;international
Au Royaume-Uni, la popularité du parti d’extrême droite Reform UK inquiète le gouvernement;https://www.lemonde.fr/international/article/2024/12/19/au-royaume-uni-la-popularite-du-parti-d-extreme-droite-reform-uk-inquiete-le-gouvernement_6456665_3210.html;Proche de Donald Trump, Nigel Farage, le chef de file de la formation britannique, reconnaît avoir « parlé argent » avec Elon Musk, qui pourrait lui octroyer un financement politique.;2024-12-19;Le Monde;international
Des centaines de mineurs illégaux assiégés et coincés sous terre depuis plus d’un mois en Afrique du Sud;https://www.lemonde.fr/afrique/article/2024/12/18/en-afrique-du-sud-des-mines-d-or-assiegees-par-la-police-il-y-a-beaucoup-de-gens-qui-meurent-en-bas_6454658_3212.html;Pour forcer les mineurs à remonter et mettre fin à l’exploitation illégale de l’or à Stilfontein, les autorités ont coupé leurs lignes de ravitaillement, envoyant un message clair : « Rendez-vous ou mourez de faim ».;2024-12-19;Le Monde;international
L’année sous surveillance de l’actrice arabe israélienne Maisa Abd Elhadi;https://www.lemonde.fr/international/article/2024/12/19/l-annee-sous-surveillance-de-l-actrice-arabe-israelienne-maisa-abd-elhadi_6456524_3210.html;L’artiste, originaire de Nazareth, dans le nord d’Israël, a été mise en examen pour « incitation au terrorisme » et assignée à résidence, sans accès à Internet, durant plus d’un an, après deux publications sur Instagram postées quelques heures après l’attaque du Hamas du 7 octobre 2023, puis supprimées.;2024-12-19;Le Monde;international
Le jubilé, de l’affirmation politique des papes à la « pastorale de l’événementiel »;https://www.lemonde.fr/le-monde-des-religions/article/2024/12/19/le-jubile-de-l-affirmation-politique-des-papes-a-la-pastorale-de-l-evenementiel_6457583_6038514.html;Le pape François a officiellement lancé le 24 décembre le début de l’année jubilaire. Cette festivité se déroulant tous les 25 ans, invitant les catholiques au pèlerinage et au pardon, a longtemps participé à l’affirmation de la centralité de Rome et du pape. Mais son poids politique (et religieux) s’est attenué ces dernières décennies.;2024-12-19;Le Monde;international
Le Royaume-Uni sanctionne le ministre de l’intérieur et des chefs de la police géorgiens pour violations des droits humains;https://www.lemonde.fr/international/article/2024/12/19/le-royaume-uni-sanctionne-le-ministre-de-l-interieur-et-des-chefs-de-la-police-georgiens-pour-violations-des-droits-humains_6457547_3210.html;Londres sanctionne également le vice-ministre de l’intérieur et trois chefs de la police, interdisant leur entrée au Royaume-Uni et gelant leurs actifs.;2024-12-19;Le Monde;international
En direct, guerres au Proche-Orient : Benyamin Nétanyahou avertit les rebelles houthistes au Yémen : « Celui qui frappe Israël paiera un prix très fort »;https://www.lemonde.fr/international/live/2024/12/19/en-direct-guerres-au-proche-orient-benyamin-netanyahou-avertit-les-rebelles-houthistes-au-yemen-celui-qui-frappe-israel-paiera-un-prix-tres-fort_6454724_3210.html;Le premier ministre a enregistré une vidéo après que les houthistes ont revendiqué un tir de missile sur Israël. Jeudi matin, l’armée israélienne avait déjà annoncé avoir riposté, en bombardant des ports et l’infrastructure énergétique des houthistes au Yémen, à plus de 1 500 kilomètres au sud d’Israël.;2024-12-19;Le Monde;international
En Géorgie, un député tué et un autre blessé dans une fusillade au Parlement de la région séparatiste d’Abkhazie;https://www.lemonde.fr/international/article/2024/12/19/en-georgie-un-depute-tue-et-un-autre-blesse-dans-une-fusillade-au-parlement-de-la-region-separatiste-d-abkhazie_6457438_3210.html;Le service de presse de l’actuel dirigeant séparatiste abkhaze, Badra Gounba, n’a pas donné plus de précisions sur le déroulé, ni sur les auteurs du drame.;2024-12-19;Le Monde;international
En direct : Vladimir Poutine dit avoir été « contraint » de lancer l’offensive, et affirme qu’il aurait dû le faire « plus tôt », lors d’un show télévisé annuel;https://www.lemonde.fr/international/live/2024/12/19/en-direct-guerre-en-ukraine-disant-avoir-ete-contraint-de-lancer-l-offensive-vladimir-poutine-affirme-qu-il-aurait-du-le-faire-plus-tot_6449358_3210.html;Le président russe s’est prêté jeudi pendant quatre heures trente à sa séance annuelle de questions-réponses. Un show télévisé largement mis en scène, mais aussi une rare opportunité pour les Russes de l’interroger sur des sujets qui fâchent.;2024-12-19;Le Monde;international
« Il est temps de lancer des débats publics approfondis sur les élargissements futurs de l’Union européenne »;https://www.lemonde.fr/idees/article/2024/12/19/il-est-temps-de-lancer-des-debats-publics-approfondis-sur-les-elargissements-futurs-de-l-union-europeenne_6457298_3232.html;Les populations des Etats membres doivent être associées aux négociations en cours de l’UE avec les pays des Balkans, l’Ukraine ou la Moldavie, dont l’enjeu est la sécurité européenne et la stabilité géopolitique face à la Russie et à la Chine, estime le professeur de science politique Christian Lequesne, dans une tribune au « Monde ».;2024-12-19;Le Monde;international
