Titre;URL;Description;Date;Presse;Catégorie
Technologie : La formation à distance séduit les travailleurs;https://midi-madagasikara.mg/la-formation-a-distance-seduit-les-travailleurs/;La formation à distance séduit de plus en plus en raison de sa flexibilité et de sa commodité, permettant aux apprenants de suivre des cours à leur propre rythme. 70% des apprenants de l’University La Référence qui sont tous des travailleurs ont opté pour ce choix, selon Manou Randrianasolo, responsable département en ligne. <em>« Il faut être méthodique et organisé. Je révise chaque soir et je rejoins le regroupement en salle tous les samedis pour de plus amples explications. Le cours en ligne ;2024-12-24;Midi Madagasikara;societe
Célébration : Le LMA souffle ses 60 bougies;https://midi-madagasikara.mg/le-lma-souffle-ses-60-bougies/;Le Lycée Moderne Ampefiloha (LMA) célèbre son 60<sup>e</sup> anniversaire. Le comité organisateur concocte un programme riche alliant une rencontre sportive et culturelle. Le coup d’envoi de la célébration sera marqué par un culte le 19 ou le 20 février 2025 (selon la disponibilité de la ministre de l’Education). Un spectacle grandiose avec des artistes de renom aura lieu au mois de juin mais il y aura aussi une scène ouverte pour réveiller le talent des élèves et des professeurs. Un déjeuner da;2024-12-24;Midi Madagasikara;societe
Etudes supérieures : Deux programmes de bourses par le Japon;https://midi-madagasikara.mg/deux-programmes-de-bourses-par-le-japon/;"<p class=""MsoNormal"" style=""text-align:justify"">";2024-12-24;Midi Madagasikara;societe
Gare routière Maki : Ruée vers la destination Mahajanga;https://midi-madagasikara.mg/ruee-vers-la-destination-mahajanga/;"<strong><em>Mahajanga figure parmi les destinations les plus privilégiées en cette période de vacances et de fêtes. En général, le nombre des voyageurs s&rsquo;accroît considérablement.</em></strong>";2024-12-24;Midi Madagasikara;societe
« Fijery hafa » : 200 femmes formées en coupe et couture;https://midi-madagasikara.mg/200-femmes-formees-en-coupe-et-couture/;Le ministère de l’Enseignement technique et de la Formation professionnelle (METFP) a procédé hier à la remise des attestations aux 200 femmes bénéficiaires de la formation en coupe et couture dans le cadre du projet « <em>fijery hafa </em>» ou « <em>nouvelle vision </em>». Marie Marcelline Rasoloarisoa, la ministre de tutelle a procédé hier à la cérémonie officielle de remise de ces certificats et a indiqué dans la foulée qu’elles sont encouragées à créer leur propre entreprise. Le ministère dé;2024-12-24;Midi Madagasikara;societe
"Fête de Noël : Les enfants de l&rsquo;Akany Iarivo Mivoy gâtés";https://midi-madagasikara.mg/les-enfants-de-lakany-iarivo-mivoy-gates/;Comme chaque année, le groupe Feline, spécialisé dans la distribution de parfums, a organisé hier sa journée de donation dans des centres d’accueil pour sans-abris de la capitale. Le premier bénéficiaire de cette initiative a été l’<strong>Akany Iarivo Mivoy</strong>, situé à Anosizato. Ce centre accueille actuellement une soixantaine de familles défavorisées, comprenant environ une centaine d’enfants. Pour leur permettre de vivre un moment joyeux durant les fêtes, la société Feline leur a remis;2024-12-24;Midi Madagasikara;societe
