Titre;URL;Description;Date;Presse;Catégorie
Ce qu’il faut retenir de l’actualité du week-end : attaque mortelle au marché de Noël de Magdebourg, aide humanitaire attendue à Mayotte…;https://www.lemonde.fr/les-decodeurs/article/2024/12/22/ce-qu-il-faut-retenir-de-l-actualite-du-week-end-attaque-mortelle-au-marche-de-noel-de-magdebourg-aide-humanitaire-attendue-a-mayotte_6462606_4355770.html;Vous n’avez pas suivi l’actualité, samedi 21 et dimanche 22 décembre ? Voici ce qu’il s’est passé ces dernières quarante-huit heures.;2024-12-22;Le Monde;politique
En direct : la composition du gouvernement de François Bayrou ne sera pas annoncée ce soir;https://www.lemonde.fr/politique/live/2024/12/22/en-direct-gouvernement-bayrou-emmanuel-macron-et-francois-bayrou-se-sont-entretenus-a-deux-reprises-dimanche_6454840_823448.html;Emmanuel Macron et François Bayrou se sont entretenus à deux reprises par téléphone dimanche, a appris « Le Monde » auprès de l’exécutif. Le premier ministre avait réaffirmé, jeudi, vouloir présenter son gouvernement « dans le week-end », « en tout cas avant Noël ».;2024-12-22;Le Monde;politique
« Accélérer les projets industriels ne doit pas se faire au détriment du respect des principes démocratiques »;https://www.lemonde.fr/idees/article/2024/12/22/accelerer-les-projets-industriels-ne-doit-pas-se-faire-au-detriment-du-respect-des-principes-democratiques_6462023_3232.html;Les représentants de grandes organisations environnementales ainsi que des universitaires appellent le nouveau gouvernement, dans une tribune au « Monde », à retirer le projet de décret sur les grands projets industriels qui constitue selon eux une « attaque frontale contre la démocratie environnementale et les droits des citoyennes et des citoyens ».;2024-12-22;Le Monde;politique
Budget 2025 : la loi spéciale permettra un peu plus de croissance, mais au prix d’un creusement des inégalités, selon l’OFCE;https://www.lemonde.fr/economie/article/2024/12/22/budget-la-loi-speciale-permettra-un-peu-plus-de-croissance-mais-au-prix-d-un-plus-grand-deficit-et-avec-des-inegalites-exacerbees-selon-l-ofce_6461987_3234.html;Dans une note publiée dimanche 22 décembre, l’Observatoire français des conjonctures économiques souligne les effets du texte adopté en urgence par le Parlement dans l’attente d’un budget en bonne et due forme et promulgué le 20 décembre par Emmanuel Macron.;2024-12-22;Le Monde;politique
« En annonçant, depuis des décennies, la fin de la “Françafrique”, Paris n’a fait qu’avouer l’inverse : la décolonisation est un processus inachevé »;https://www.lemonde.fr/idees/article/2024/12/22/en-annoncant-depuis-des-decennies-la-fin-de-la-francafrique-paris-n-a-fait-qu-avouer-l-inverse-la-decolonisation-est-un-processus-inacheve_6461736_3232.html;Le mouvement d’émancipation des anciens protectorats et colonies françaises est toujours en cours, constate Philippe Bernard, éditorialiste au « Monde », dans sa chronique.;2024-12-22;Le Monde;politique
Emmanuel Macron, l’art du secret;https://www.lemonde.fr/politique/article/2024/12/21/emmanuel-macron-l-art-du-secret_6461505_823448.html;"<span class=""article__kicker"">Enquête</span>« Le président et son double » (4/4). Dans le dernier volet de la série sur l’évolution du président de la République depuis son arrivée à l’Elysée, « Le Monde » décrypte la façon dont il gère les questions de sécurité personnelle et de protection de son image.";2024-12-22;Le Monde;politique
Ce que l’on sait du suspect de l’attaque sur le marché de Noël de Magdebourg;https://www.lemonde.fr/international/article/2024/12/21/ce-que-l-on-sait-du-suspect-de-l-attaque-sur-le-marche-de-noel-de-magdebourg_6461103_3210.html;Taleb A., 50 ans, est arrivé en 2006 en Allemagne. Il dénonçait sur ses réseaux sociaux les « dangers » d’une islamisation du pays. La piste d’un attentat islamiste s’éloigne.;2024-12-22;Le Monde;politique
En l’absence de budget 2025, la loi spéciale a été promulguée par Emmanuel Macron;https://www.lemonde.fr/politique/article/2024/12/21/en-l-absence-de-budget-2025-la-loi-speciale-a-ete-promulguee-par-emmanuel-macron_6460866_823448.html;Adopté en urgence par le Parlement après la censure du gouvernement Barnier, le texte permet à l’Etat de prélever l’impôt et d’emprunter. Le nouveau premier ministre, François Bayrou, a dit jeudi soir espérer l’adoption d’un budget « à la mi-février ».;2024-12-22;Le Monde;politique
François Bayrou face au risque de l’enlisement;https://www.lemonde.fr/politique/article/2024/12/21/francois-bayrou-face-au-risque-de-l-enlisement_6460085_823448.html;Entre la fermeté des socialistes sur le dossier de la réforme des retraites et les revendications de son propre camp, le premier ministre est engagé dans une partie de ping-pong, pour l’instant stérile, avec les formations politiques.;2024-12-22;Le Monde;politique
A Mayotte, Emmanuel Macron cible l’immigration clandestine;https://www.lemonde.fr/politique/article/2024/12/20/a-mayotte-macron-defend-un-discours-de-verite-sur-l-immigration-clandestine_6459880_823448.html;Après avoir présidé un comité interministériel de crise, le chef de l’Etat a achevé une visite de deux jours durant laquelle il a dû faire face à la colère et au dénuement des Mahorais. Au-delà de l’urgence, la résolution des problèmes impliquera, selon lui, de se pencher sur la question migratoire.;2024-12-22;Le Monde;politique
