Titre;URL;Description;Date;Presse;Catégorie
Baolai : Nouveautés et promotion pour les fêtes de fin d’année;https://midi-madagasikara.mg/baolai-nouveautes-et-promotion-pour-les-fetes-de-fin-dannee/;<strong>Les clients de Baolai, l’enseigne des appareils électroménagers et audiovisuels de grande marque chinoise sont une fois de plus gâtés</strong>.;2024-12-21;Midi Madagasikara;economie
Développement rural : Clôture officielle du projet Diabe pour Ankazobe et Ambohidratrimo;https://midi-madagasikara.mg/developpement-rural-cloture-officielle-du-projet-diabe-pour-ankazobe-et-ambohidratrimo/;Des impacts réels sur la vie des communautés bénéficiaires. C’est ce que les initiateurs du projet Diabe ont mis en avant, lors de la cérémonie de clôture officielle de ce projet, qui s’est tenue à la mairie d’Ankazobe le 17 décembre dernier. L’événement a réuni des personnalités locales et des représentants des bénéficiaires issus des communes cibles des districts d’Ankazobe et Ambohidratrimo. Lors de cette rencontre, les objectifs, les stratégies adoptées, ainsi que les réalisations et leurs i;2024-12-21;Midi Madagasikara;economie
Développement de la pisciculture : Des formations renforcées dans plusieurs régions;https://midi-madagasikara.mg/developpement-de-la-pisciculture-des-formations-renforcees-dans-plusieurs-regions/;La commune d’Antanifotsy, dans la région Vakinankaratra, a accueilli une formation en pisciculture organisée le 19 décembre dernier, en partenariat avec SP/FANILO ONIVE. 108 participants ont été initiés à diverses techniques d’élevage, notamment pour les espèces de carpes et tilapias. L’équipe de FEEDMAX, présente sur place, a renforcé les échanges sur l’alimentation des poissons et annoncé la disponibilité de leurs produits localement, un atout supplémentaire pour les pisciculteurs. Le 18 décem;2024-12-21;Midi Madagasikara;economie
Tourisme et artisanat : Signature de neuf conventions de partenariat;https://midi-madagasikara.mg/tourisme-et-artisanat-signature-de-neuf-conventions-de-partenariat/;"<strong><em>Près de 80 partenaires techniques et financiers engagés dans le développement des secteurs tourisme et artisanat se sont réunis dans le cadre d’une table ronde des bailleurs organisée dernièrement par le ministère de tutelle au Radisson Blu.&nbsp;</em></strong>";2024-12-21;Midi Madagasikara;economie
