Titre;URL;Description;Date;Presse;Catégorie
Paul Rafanoharana : Le Conseil des droits de l’homme de l’ONU pour sa libération;https://midi-madagasikara.mg/paul-rafanoharana-le-conseil-des-droits-de-lhomme-de-lonu-pour-sa-liberation/;<strong><em>A travers le Groupe de travail sur la détention arbitraire, le Conseil des droits de l’Homme des Nations Unies a émis son avis concernant l’affaire Paul Rafanoharana. </em></strong>;2024-12-21;Midi Madagasikara;politique
Harilala Ramanantsoa : 43,24% des voix, selon la CENI;https://midi-madagasikara.mg/harilala-ramanantsoa-4324-des-voix-selon-la-ceni/;La CENI a publié, hier, en son siège à Alarobia, les résultats provisoires des élections communales et municipales dans la province d’Antananarivo. La candidate de l’IRMAR, Harilala Ramanantsoa, est sortie vainqueur dans la capitale, de cette consultation populaire obtenant 106 643 voix (43,24%). En 2ème position se trouve Tojo Ravalomanana du TIM avec 89 374 voix (36,24%), le 3ème est Tahina Razafinjoelina de Tia Tanindrazana avec 29 568 voix (11,99%), le 4ème est O’Gascar Fenosoa Mandrindrariv;2024-12-21;Midi Madagasikara;politique
Richard Ravalomanana : Reçu à Moscou par Valentina Matvienko;https://midi-madagasikara.mg/richard-ravalomanana-recu-a-moscou-par-valentina-matvienko/;Dans le cadre de sa visite officielle en Russie, le président du Sénat Richard Ravalomanana a été reçu par la présidente du Conseil de la Fédération de Russie, Valentina Matvienko. Cette rencontre illustre la volonté des deux nations de consolider leurs relations diplomatiques établies depuis plus de cinq décennies et de renforcer leur coopération dans divers domaines.;2024-12-21;Midi Madagasikara;politique
Andry Rajoelina à Ambohijatovo : Noël sous le signe de la joie et du partage;https://midi-madagasikara.mg/noel-sous-le-signe-de-la-joie-et-du-partage/;"<strong>Hier, le président de la République a lancé les illuminations de Noël au Jardin d&rsquo;Ambohijatovo</strong>.";2024-12-21;Midi Madagasikara;politique
