Titre;URL;Description;Date;Presse;Catégorie
Solohery Vatosoa Nandrianina Rakotomananjo : Une nouvelle Directrice auprès de la Présidence;https://midi-madagasikara.mg/solohery-vatosoa-nandrianina-rakotomananjo-une-nouvelle-directrice-aupres-de-la-presidence/;Les nominations au Palais d’Iavoloha se suivent et se ressemblent ou ne se ressemblent pas, c’est selon.;2024-12-19;Midi Madagasikara;politique
"Tokely Justin : “Achat des 4&#215;4 des députés tiré sur leurs salaires”";https://midi-madagasikara.mg/tokely-justin-achat-des-4x4-des-deputes-tire-sur-leurs-salaires/;Le président de l’Assemblée nationale Tokely Justin a donné plus de précisions sur les fameux 4X4 octroyé aux députés. Selon ce chef d’Institution, « l’achat de ces voitures ne concerne pas le pouvoir central, il a été tiré sur le salaire des députés ». Il a parlé également de l’indemnité compensatrice de transport et de mentionner qu’une partie va servir à acheter ces 4X4. Et d’enchaîner qu’en tant que représentant du peuple, le député est contraint de descendre sur terrain au niveau des commun;2024-12-19;Midi Madagasikara;politique
Ambassadeur du Japon : Descente dans les régions Vatovavy et Fitovinany;https://midi-madagasikara.mg/ambassadeur-du-japon-descente-dans-les-regions-vatovavy-et-fitovinany/;"L’ambassadeur du Japon à Madagascar, Koji Abe, accompagné de la représentante résidente de l&rsquo;UNICEF, Christine Jaulmes, a effectué une visite dans les régions Vatovavy et Fitovinany afin de constater l&rsquo;impact des projets financés par le gouvernement japonais à hauteur de 1,7 million de dollars, alloués dans le cadre du budget supplémentaire 2023. Ces projets bénéficient notamment aux secteurs de la santé, de la nutrition, de la protection de l’enfance, ainsi qu’à l’accès à l’eau et à";2024-12-19;Midi Madagasikara;politique
BIANCO : Saisie d’objets d’une valeur totale de 7,6 milliards Ar. en 2024;https://midi-madagasikara.mg/bianco-saisie-dobjets-dune-valeur-totale-de-76-milliards-ar-en-2024/;Le Bureau indépendant anti-corruption a présenté hier son rapport d’activités en son siège à Ambohibao.;2024-12-19;Midi Madagasikara;politique
