Titre;URL;Description;Date;Presse;Catégorie
Au procès de l’assassinat de Samuel Paty, les avocats de Brahim Chnina et d’Abdelhakim Sefrioui ébranlent la thèse de l’accusation;https://www.lemonde.fr/societe/article/2024/12/18/au-proces-de-l-assassinat-de-samuel-paty-les-avocats-de-brahim-chnina-et-d-abdelhakim-sefrioui-ebranlent-la-these-de-l-accusation_6455949_3224.html;Les défenseurs des deux responsables de la campagne numérique qui a été fatale au professeur ont plaidé l’acquittement, mardi 17 et mercredi 18 décembre, en faisant valoir l’absence d’« intention terroriste ».;2024-12-20;Le Monde;societe
Effondrement rue d’Aubagne à Marseille : la défense plaide la relaxe;https://www.lemonde.fr/societe/article/2024/12/18/effondrement-rue-d-aubagne-la-defense-plaide-la-relaxe_6456291_3224.html;Les avocats des propriétaires, du syndic, d’un élu et des experts mis en cause pour n’avoir pas su éviter le drame survenu en 2018, se sont renvoyé la responsabilité. Le jugement a été mis en délibéré en juillet 2025.;2024-12-20;Le Monde;societe
Un adolescent de 16 ans tué lors d’une rixe à Paris;https://www.lemonde.fr/societe/article/2024/12/17/un-adolescent-de-16-ans-tue-lors-d-une-rixe-a-paris_6453741_3224.html;La victime n’était pas scolarisée dans la capitale, mais dans un lycée professionnel d’Alfortville, dans le Val-de-Marne. Deux cellules psychologiques ont été mises en place, l’une au lycée près duquel le drame a eu lieu, l’autre dans l’établissement de la victime.;2024-12-20;Le Monde;societe
« On voudrait aider Mayotte, mais on ne sait pas comment » : à Marseille, les communautés comorienne et mahoraise tentent d’organiser la solidarité;https://www.lemonde.fr/societe/article/2024/12/17/on-voudrait-aider-mayotte-mais-on-ne-sait-pas-comment-a-marseille-les-communautes-comoriennes-et-mahoraises-tentent-d-organiser-la-solidarite_6453807_3224.html;Dans la cité phocéenne, Mahorais et Comoriens d’origine tentent de surmonter le choc et de trouver des manières de soutenir l’île et ses habitants après le passage du cyclone Chido, samedi 14 décembre.;2024-12-20;Le Monde;societe
Pour les étudiants diplômés en 2023, l’insertion ralentit dans l’emploi salarié en France;https://www.lemonde.fr/campus/article/2024/12/20/pour-les-etudiants-diplomes-en-2023-l-insertion-ralentit-dans-l-emploi-salarie-en-france_6459708_4401467.html;Les ingénieurs sont ceux qui trouvent le plus facilement un emploi et les diplômés en management gagnent les plus hauts salaires, constate le ministère de l’enseignement supérieur à l’occasion de statistiques publiées le 20 décembre.;2024-12-20;Le Monde;societe
Procès des viols de Mazan : une enquête déontologique ouverte après les propos insultants d’un avocat lyonnais;https://www.lemonde.fr/societe/article/2024/12/20/proces-des-viols-de-mazan-une-enquete-deontologique-ouverte-apres-les-propos-insultants-d-un-avocat-lyonnais_6459702_3224.html;Le barreau de Lyon a reçu des signalements concernant les propos de Mᵉ Christophe Bruschi, avocat d’un accusé dans le procès des viols de Mazan, jugés insultants envers des féministes.;2024-12-20;Le Monde;societe
L’interminable quête du Jésus historique;https://www.lemonde.fr/idees/article/2024/12/20/l-interminable-quete-du-jesus-historique_6459600_3232.html;"<span class=""article__kicker"">Enquête</span>Dieu incarné, rabbin, mystique : qui était vraiment Jésus ? Depuis le début des études critiques sur les Evangiles, des centaines de chercheurs ont tenté de lire entre les légendes pour cerner les contours historiques du fondateur du christianisme.";2024-12-20;Le Monde;societe
Pas de livre officiel sur les Jeux paralympiques : le gros oubli de Paris 2024;https://www.lemonde.fr/sport/article/2024/12/20/pas-de-livre-officiel-sur-les-jeux-paralympiques-le-gros-oubli-de-paris-2024_6459285_3242.html;Un « livre officiel des Jeux olympiques » a pris place sur les étagères des magasins à l’approche de Noël. Comme son titre l’indique, il n’y est pas fait mention des épreuves et des athlètes paralympiques.;2024-12-20;Le Monde;societe
Le procès des viols de Mazan vu par la presse étrangère : « Gisèle Pelicot a agi. A nous de prouver que nous pouvons le faire aussi »;https://www.lemonde.fr/societe/article/2024/12/20/le-proces-des-viols-de-mazan-vu-par-la-presse-etrangere-gisele-pelicot-a-agi-a-nous-de-prouver-que-nous-pouvons-le-faire-aussi_6459282_3224.html;Les faits, le nombre inédit des condamnés et la personnalité de leur victime ont captivé les médias du monde entier, pour qui ce procès historique a mis chacun face à une responsabilité à la fois judiciaire, politique et collective, celle d’en finir partout avec l’impunité du viol.;2024-12-20;Le Monde;societe
A Crest, onze véhicules et la maison d’un élu détruits par des incendies volontaires;https://www.lemonde.fr/societe/article/2024/12/20/a-crest-onze-vehicules-et-la-maison-d-un-elu-detruits-par-des-incendies-volontaires_6459072_3224.html;La maire de Crest, qui s’est rendue sur les lieux dans la nuit de jeudi à vendredi, a précisé qu’il y avait eu quatre départs de feu.;2024-12-20;Le Monde;societe
