Titre;URL;Description;Date;Presse;Catégorie
Effondrement rue d’Aubagne à Marseille : la défense plaide la relaxe;https://www.lemonde.fr/societe/article/2024/12/18/effondrement-rue-d-aubagne-la-defense-plaide-la-relaxe_6456291_3224.html;Les avocats des propriétaires, du syndic, d’un élu et des experts mis en cause pour n’avoir pas su éviter le drame survenu en 2018, se sont renvoyé la responsabilité. Le jugement a été mis en délibéré en juillet 2025.;2024-12-23;Le Monde;societe
Au procès des viols de Mazan, la justesse et l’indépendance du verdict;https://www.lemonde.fr/societe/article/2024/12/20/au-proces-des-viols-de-mazan-la-justesse-et-l-independance-d-un-verdict_6458350_3224.html;Après trois mois et dix-sept jours d’un procès historique, la cour criminelle du Vaucluse a reconnu les 51 accusés coupables. Dominique Pelicot a été condamné à vingt ans de réclusion, assortie d’une période de sûreté des deux tiers. Pour les autres accusés, la cour s’est affranchie des réquisitions, individualisant les peines. Conformément au droit.;2024-12-23;Le Monde;societe
Trois narcotrafiquants de Besançon condamnés pour un assassinat qui s’est trompé de cible;https://www.lemonde.fr/societe/article/2024/12/21/trois-narcotrafiquants-de-besancon-condamnes-pour-un-assassinat-qui-s-est-trompe-de-cible_6460497_3224.html;Houcine Hakkar, garagiste sans histoires, a été tué par erreur le 8 mars 2020 à Besançon par des trafiquants qui l’avaient confondu avec un rival. Des peines de vingt-cinq à trente ans de réclusion ont été prononcées vendredi par la cour d’assises du Doubs.;2024-12-23;Le Monde;societe
De « Charlie » au procès Paty, des lycéens face aux attentats : « On a grandi avec le terrorisme sans forcément tout comprendre »;https://www.lemonde.fr/societe/article/2024/12/18/de-charlie-au-proces-paty-des-lyceens-face-aux-attentats-on-a-grandi-avec-le-terrorisme-sans-forcement-tout-comprendre_6455180_3224.html;Des élèves de terminale de Savigny-sur-Orge ont assisté lors d’une matinée au procès de l’assassinat du professeur d’histoire-géographie et rencontré des victimes des attaques de 2015. L’occasion pour leurs enseignants de mêler éducation à la citoyenneté, connaissance de la justice et enjeux mémoriels.;2024-12-23;Le Monde;societe
Elisabeth Borne de retour avec un grand ministère éducation nationale, enseignement supérieur, recherche;https://www.lemonde.fr/societe/article/2024/12/23/gouvernement-bayrou-elisabeth-borne-de-retour-avec-un-grand-ministere-education-nationale-enseignement-superieur-recherche_6464264_3224.html;L’ancienne première ministre, qui n’est pas une spécialiste des questions d’éducation, s’est rapprochée ces derniers temps de François Bayrou, avec qui elle partage un certain nombre de vues.;2024-12-23;Le Monde;societe
« A Mayotte, des enfants naissent, au statut juridique variable et complexe, et grandissent, scolarisés ou délaissés »;https://www.lemonde.fr/idees/article/2024/12/23/a-mayotte-des-enfants-naissent-au-statut-juridique-variable-et-complexe-et-grandissent-scolarises-ou-delaisses_6464196_3232.html;Département français dans un archipel qui ne l’est plus, à la fois sous-doté et plus riche que ses voisins, l’île présente une situation sociale et migratoire complexe, analyse l’anthropologue Sophie Blanchy, dans une tribune au « Monde ».;2024-12-23;Le Monde;societe
La proposition de loi « narcotrafic », remusclée, poursuit discrètement son chemin au Sénat;https://www.lemonde.fr/societe/article/2024/12/23/la-proposition-de-loi-narcotrafic-remusclee-poursuit-discretement-son-chemin-au-senat_6463750_3224.html;Renseignement algorithmique, drones, « dossier coffre » : les promoteurs du texte qui doit être discuté en janvier 2025 espèrent qu’il fera l’objet d’un consensus suffisant pour être adopté rapidement.;2024-12-23;Le Monde;societe
Adolescent tué près du lycée Rodin à Paris : un deuxième mineur mis en examen pour assassinat;https://www.lemonde.fr/societe/article/2024/12/23/adolescent-tue-pres-du-lycee-rodin-a-paris-un-deuxieme-mineur-mis-en-examen-pour-assassinat_6463582_3224.html;Cette deuxième mise en examen s’inscrit dans le cadre de l’enquête sur la mort d’un adolescent de 16 ans, après une rixe survenue mardi 17 décembre dans le 13ᵉ arrondissement de la capitale.;2024-12-23;Le Monde;societe
Les multiples conflits d’intérêts familiaux du sénateur de Loir-et-Cher Jean-Luc Brault;https://www.lemonde.fr/societe/article/2024/12/23/les-multiples-conflits-d-interets-familiaux-du-senateur-du-loir-et-cher-jean-luc-brault_6463177_3224.html;Déjà visé par une enquête préliminaire du parquet de Blois, l’ancien maire du Controis-en-Sologne, membre du groupe Les Indépendants-République et territoires au Sénat, est critiqué par la chambre régionale des comptes, notamment pour avoir signé plusieurs marchés publics au profit de ses enfants.;2024-12-23;Le Monde;societe
Les cadeaux de Noël peuvent-ils être remis en cause à la succession ?;https://www.lemonde.fr/argent/article/2024/12/23/les-cadeaux-de-noel-peuvent-ils-etre-remis-en-cause-a-la-succession_6463175_1657007.html;L’argent ou les bijoux offerts à l’occasion de certains événements ne doivent pas être rapportés à la succession, sauf en cas de doublon.;2024-12-23;Le Monde;societe
