Titre;URL;Description;Date;Presse;Catégorie
GSI Internationale : Multiplication de partenariats avec les universités à l’étranger;https://midi-madagasikara.mg/gsi-internationale-multiplication-de-partenariats-avec-les-universites-a-letranger/;"L’université GSI Internationale multiplie ses partenariats avec les universités implantées à l’étranger. Selon Nina Randrianaivo, Directeur général de cette université, les étudiants de GSI Internationale pourront poursuivre leurs études auprès des universités partenaires implantées en Malaisie, aux Etats-Unis, à Dubaï, à Maurice et au Canada. <em>«&nbsp;L’immersion professionnelle permet aux étudiants d’appréhender les réalités du monde du travail, de faire des liens entre leur formation théori";2024-12-18;Midi Madagasikara;societe
"Qualité de l&rsquo;air : Modérée pour Antananarivo";https://midi-madagasikara.mg/qualite-de-lair-moderee-pour-antananarivo/;"Une période d&rsquo;accalmie quant à la pollution de l&rsquo;air dans la capitale malgache. Les prévisions publiées par la Direction générale de la météorologie annoncent une qualité de l&rsquo;air modérée à Antananarivo. Pour le service météo, la qualité de l’air reste modérée à Antananarivo. Les concentrations des particules fines PM2.5 (de diamètre inférieur à 2.5 micromètres) sont proches du seuil recommandé par l’Organisation Mondiale de la Santé (OMS) au niveau d’Ampandrianomby (DGM), Andr";2024-12-18;Midi Madagasikara;societe
Ressources humaines : L’élargissement du CFRH-Institute dans les régions en vue;https://midi-madagasikara.mg/ressources-humaines-lelargissement-du-cfrh-institute-dans-les-regions-en-vue/;"Après ses 20 années d’existence, le CFRH Institute, spécialisant dans la filière gestion des ressources humaines, prévoit de mettre en place ses antennes dans les régions. Olivia Rakotonarivo Rakotoarisoa, la Présidente fondatrice, a indiqué qu’un accent particulier est porté sur le nouveau code de travail dans la formation continue. <em>«&nbsp;L’ignorance des textes en vigueur crée des troubles au sein de l’entreprise. Notre premier objectif est de valoriser le capital humain.&nbsp;Les responsa";2024-12-18;Midi Madagasikara;societe
Atelier de couture Wednesday Morning Group : Sortie de la promotion « Tsimoka »;https://midi-madagasikara.mg/atelier-de-couture-wednesday-morning-group-sortie-de-la-promotion-tsimoka/;<strong><em>Seize jeunes filles venant de diverses associations ont eu l’opportunité de suivre une formation gratuite dans l’atelier de couture Wednesday Morning Group situé à Ambatoroka.</em></strong>;2024-12-18;Midi Madagasikara;societe
