Titre;URL;Description;Date;Presse;Catégorie
Ouverture de la JIR-10ème édition : La pointe de la Grande île fidèle à elle-même;https://midi-madagasikara.mg/ouverture-de-la-jir-10eme-edition-la-pointe-de-la-grande-ile-fidele-a-elle-meme/;"La dixième édition de la Journée internationale des Régions (JIR) a été officiellement inaugurée le vendredi 20 décembre devant la mairie d&rsquo;Antsiranana à 10h39, après une série de discours des intendants. Les habitants ont salué les initiateurs. Leur travail acharné a été fructueux. Ayant une mentore dévouée, qui n&rsquo;est autre que la ministre des Affaires étrangères Rafaravavitafika Rasata, la région DIANA se sentait aisément encadrée, une présence qui s&rsquo;avère salutaire. Sans par";2024-12-21;Midi Madagasikara;societe
Co-construction durable : La GIZ, engagée aux côtés de Madagascar;https://midi-madagasikara.mg/co-construction-durable-la-giz-engagee-aux-cotes-de-madagascar/;<strong>Depuis plus de quarante ans, la GIZ (Deutsche Gesellschaft für Internationale Zusammenarbeit) accompagne Madagascar dans ses efforts pour relever les défis économiques, sociaux et environnementaux.</strong>;2024-12-21;Midi Madagasikara;societe
Fondation Axian : Des paniers de Noël pour les personnes en situation de handicap;https://midi-madagasikara.mg/fondation-axian-des-paniers-de-noel-pour-les-personnes-en-situation-de-handicap/;<strong><em>Le soutien de la fondation Axian aux personnes en situation de handicap se poursuit. Hier, des paniers garnis contenant des produits de première nécessité ont été distribués pour insuffler un esprit de solidarité et de partage durant les festivités. </em></strong>;2024-12-21;Midi Madagasikara;societe
« Elles, pionnières aux mille et une facettes » : un vibrant hommage aux femmes malgaches;https://midi-madagasikara.mg/elles-pionnieres-aux-mille-et-une-facettes-un-vibrant-hommage-aux-femmes-malgaches/;Dans le cadre de son centenaire, TotalEnergies Marketing Madagasikara a présenté hier un ouvrage exceptionnel intitulé <em>« Elles, pionnières aux mille et une facettes »</em>. Ce livre célèbre 15 femmes malgaches aux parcours inspirants, issues de divers horizons, et met en avant leur courage, leur détermination et leur vision.;2024-12-21;Midi Madagasikara;societe
