Titre;URL;Description;Date;Presse;Catégorie
Élections municipales : Piratage des résultats de la CENI, un individu arrêté;https://midi-madagasikara.mg/elections-municipales-piratage-des-resultats-de-la-ceni-un-individu-arrete/;"<strong><em>En attendant la proclamation officielle des résultats des élections communales du 11 décembre par les tribunaux administratifs, la CENI a annoncé le piratage de son site web.&nbsp;</em></strong>";2024-12-23;Midi Madagasikara;politique
Concert de Noël : La famille Rajoelina au « Kianja Masoandro »;https://midi-madagasikara.mg/concert-de-noel-la-famille-rajoelina-au-kianja-masoandro/;"Après avoir lancé vendredi les illuminations au Jardin d&rsquo;Ambohijatovo, le président Andry Rajoelina a inauguré dans la soirée de samedi, le concert de Noël qui se déroule au Kianja Masoandro, dans l&rsquo;enceinte du Rova de Madagasikara. Pendant 4 jours, des artistes de renom vont se succéder pour entonner les chansons célèbres de Noël sous le thème Noelin&rsquo;ny Fitia. En effet, la célébration de la nativité se déroule cette année sous le signe de l&rsquo;amour et du partage. Durant ce";2024-12-23;Midi Madagasikara;politique
Journées internationales des Régions : Lancement de la 10ème édition à Antsiranana;https://midi-madagasikara.mg/journees-internationales-des-regions-lancement-de-la-10eme-edition-a-antsiranana/;La 10ème édition des Journées internationales des Régions (JIR) a été inaugurée ce vendredi à Antsiranana, marquant un moment fort pour la région DIANA. Cet événement va réunir pendant trois jours des décideurs, des investisseurs et des acteurs de la coopération internationale pour mettre en lumière le potentiel des régions en tant que moteurs de développement et de rayonnement national, espère-t-on du côté des organisateurs. Après quatre ans d’initiative sous l’égide du ministère des Affaires é;2024-12-23;Midi Madagasikara;politique
Paul Rafanoharana : Le Conseil des droits de l’homme de l’ONU pour sa libération;https://midi-madagasikara.mg/paul-rafanoharana-le-conseil-des-droits-de-lhomme-de-lonu-pour-sa-liberation/;<strong><em>A travers le Groupe de travail sur la détention arbitraire, le Conseil des droits de l’Homme des Nations Unies a émis son avis concernant l’affaire Paul Rafanoharana. </em></strong>;2024-12-23;Midi Madagasikara;politique
