Titre;URL;Description;Date;Presse;Catégorie
Le Royaume-Uni annonce des sanctions contre des entreprises chinoises : quelle est son intention ?;https://midi-madagasikara.mg/le-royaume-uni-annonce-des-sanctions-contre-des-entreprises-chinoises-quelle-est-son-intention/;"Le 7 novembre, le gouvernement britannique a soudainement annoncé des sanctions contre plusieurs entités et individus, dont 10 entreprises chinoises, sous prétexte qu&rsquo;ils soutiendraient l&rsquo;industrie militaire russe.<br>Pourtant, en octobre, le Parti travailliste britannique, tout juste arrivé au pouvoir, multipliait les gestes de rapprochement envers la Chine. Par exemple, il s&rsquo;était engagé à ne pas enquêter sur les subventions aux véhicules électriques chinois et à ne pas impos";2024-12-18;Midi Madagasikara;monde
"Témoin de l&rsquo;histoire : Lancement du système natif Harmony de Huawei";https://midi-madagasikara.mg/temoin-de-lhistoire-lancement-du-systeme-natif-harmony-de-huawei/;"<strong>Le 22 octobre, la nuit du Harmony natif et la conférence de lancement des nouveaux produits Huawei se sont tenues officiellement à Shenzhen, marquant le lancement officiel du système d&rsquo;exploitation natif Harmony de Huawei.</strong>";2024-12-18;Midi Madagasikara;monde
"Exploitation et d&rsquo;abus sexuels en ligne : Plus de 300 millions d&rsquo;enfants victimes par an";https://midi-madagasikara.mg/exploitation-et-dabus-sexuels-en-ligne-plus-de-300-millions-denfants-victimes-par-an/;"<em><strong>Le chiffre est très alarmant. Rien qu&rsquo;en Afrique subsaharienne, les enfants âgés de 5 à 17 ans sont impliqués dans le travail des enfants au lieu de jouer et d&rsquo;aller à l&rsquo;école. Ils luttent contre la pauvreté pour leurs familles et sont privés de leur enfance et de leur avenir. Une centaine de millions de cas d’exploitation et d’abus sexuels en ligne envers les enfants ont aussi été signalés.</strong></em>";2024-12-18;Midi Madagasikara;monde
Exploitation des enfants : « La situation de plus en plus inquiétante en Afrique », selon l’ONG Terre des Hommes.;https://midi-madagasikara.mg/exploitation-des-enfants-la-situation-de-plus-en-plus-inquietante-en-afrique-selon-long-terre-des-hommes/;"<strong>L’Afrique reste un terrain fertile pour l’exploitation des enfants. Les conflits armés, les changements climatiques, des pratiques culturelles, les flux migratoires ne font qu’accélérer la vulnérabilité des enfants dans ce continent. M. Raphael Kariuki, Directeur régional de Terre des Hommes Netherlands pour l&rsquo;Afrique nous livre un point sur la situation.</strong>";2024-12-18;Midi Madagasikara;monde
