Titre;URL;Description;Date;Presse;Catégorie
« Tetikasa ankizy krismasy » : Distribution de jouets aux enfants démunis;https://midi-madagasikara.mg/tetikasa-ankizy-krismasy-distribution-de-jouets-aux-enfants-demunis/;Le ministère de la Population et des solidarités (MPS), la fondation Axian, la Commune urbaine Antananarivo et l’ONG TAK (Tetikasa ankizy krismasy) ont procédé hier à la remise de jouets aux enfants des sans-abris accueillis aux centres Fialofana, Fianakaviana miarina et Mitsinjo à Isotry. L’objectif étant d’illuminer les fêtes de Noël des enfants les plus démunis. <em>« À travers cette initiative, nous souhaitons partager des sourires et de la joie aux enfants. 55 conteneurs de jouets seront en;2024-12-19;Midi Madagasikara;societe
Campagnes agricoles 2024-2025 : Atelier d’élaboration des calendriers culturaux;https://midi-madagasikara.mg/campagnes-agricoles-2024-2025-atelier-delaboration-des-calendriers-culturaux/;<strong>Les calendriers culturaux sont en cours d’élaboration. Un atelier se tient depuis lundi dernier, 16 décembre 2024 dans le cadre du projet PRADA/GIZ, pour élaborer les calendriers culturaux pour les campagnes agricoles 2024-2025.</strong>;2024-12-19;Midi Madagasikara;societe
Culture fourragère : Solution à la lutte contre les feux de brousse;https://midi-madagasikara.mg/culture-fourragere-solution-a-la-lutte-contre-les-feux-de-brousse/;<strong>La raréfaction des pâturages naturels est causée en grande partie par les feux de brousse. Un fléau qui consumme le pays depuis des années et dont les stratégies de lutte ne semblent pas vraiment efficaces.</strong>;2024-12-19;Midi Madagasikara;societe
Kevin Andryan : Parmi les 15 finalistes du concours Code au Techfest-IIT de Bombay;https://midi-madagasikara.mg/kevin-andryan-parmi-les-15-finalistes-du-concours-code-au-techfest-iit-de-bombay/;"Kevin Andryan, jeune étudiant de l&rsquo;Ecole Nationale d&rsquo;informatique (ENI) à Fianarantsoa, figure parmi les 15 finalistes au concours de code au Techfest-IIT, 28ème édition, qui se tient à Bombay en Inde du 17 au 19 décembre 2024. Ce jeune est qualifié de véritable prodige par son établissement, fier de le compter parmi ses étudiants, portant fièrement les couleurs de l&rsquo;établissement pour briller sur la scène internationale.";2024-12-19;Midi Madagasikara;societe
