Titre;URL;Description;Date;Presse;Catégorie
Bruno Le Maire, une reconversion très stratégique dans les semi-conducteurs;https://www.lemonde.fr/economie/article/2024/12/19/bruno-le-maire-une-reconversion-tres-strategique-dans-les-semi-conducteurs_6458003_3234.html;Alors que l’Etat a prévu de dépenser 5 milliards d’euros dans ce secteur, l’ancien ministre de l’économie rejoint le néerlandais ASML, qui réfléchit à investir en France. La Haute Autorité pour la transparence de la vie publique a validé ce mouvement.;2024-12-20;Le Monde;economie
A Paris, tour de vis contre les locations touristiques de type « Airbnb »;https://www.lemonde.fr/economie/article/2024/12/19/a-paris-tour-de-vis-contre-les-locations-touristiques-de-type-airbnb_6457695_3234.html;La Ville de Paris a voté, jeudi 19 décembre, la baisse du nombre de jours autorisés à la location saisonnière de 120 à 90 par an. Elle va également développer contrôles et sanctions contre les locations illégales, grâce à de nouveaux outils.;2024-12-20;Le Monde;economie
Plans sociaux, les visages de la crise : « En plus du chômage, nous sommes condamnés à avoir l’inquiétude de la maladie jusqu’à la fin de nos jours »;https://www.lemonde.fr/economie/article/2024/12/20/plans-sociaux-les-visages-de-la-crise-en-plus-du-chomage-nous-sommes-condamnes-a-avoir-l-inquietude-de-la-maladie-jusqu-a-la-fin-de-nos-jours_6458484_3234.html;"<span class=""article__kicker"">Témoignages</span>Sophian Hanous travaille chez Solvay depuis treize ans. Le groupe chimique a annoncé, en septembre, la fermeture de l’usine de Salindres dans le Gard. Soixante-huit personnes seront licenciées.";2024-12-20;Le Monde;economie
Pour les start-up européennes, la grande tentation américaine;https://www.lemonde.fr/economie/article/2024/12/20/pour-les-start-up-europeennes-la-grande-tentation-americaine_6458203_3234.html;« L’Europe décroche » (5/6). Si les sociétés trouvent désormais des financements en Europe, elles font face à un plafond de verre quand il s’agit de s’agrandir et finissent souvent par traverser l’Atlantique. En cause : des marchés financiers trop fragmentés.;2024-12-20;Le Monde;economie
Le projet de réindustrialisation de la papeterie Chapelle-Darblay, près de Rouen, en sursis pour cinq mois;https://www.lemonde.fr/economie/article/2024/12/20/le-projet-de-reindustrialisation-de-la-papeterie-chapelle-darblay-pres-de-rouen-en-sursis-pour-cinq-mois_6459704_3234.html;Alors que le repreneur, Fibre Excellence, menaçait de jeter l’éponge vendredi, en l’absence d’un engagement financier de l’Etat, le ministère de l’industrie a annoncé avoir obtenu un report de l’échéance de cinq mois.;2024-12-20;Le Monde;economie
Abstention record aux élections syndicales dans les TPE;https://www.lemonde.fr/politique/article/2024/12/20/abstention-record-aux-elections-syndicales-dans-les-tpe_6459701_823448.html;La CGT est arrivée nettement en tête du scrutin, marqué par une participation de 4,07 %, selon les résultats dévoilés, vendredi 20 décembre, par le ministère du travail.;2024-12-20;Le Monde;economie
Grippe aviaire : la filière foie gras joue gros à Noël;https://www.lemonde.fr/economie/article/2024/12/20/grippe-aviaire-la-filiere-foie-gras-joue-gros-a-noel_6459499_3234.html;Les producteurs espèrent renouer avec leur clientèle traditionnelle, après les chocs successifs de l’influenza aviaire, qui ont assombri les réveillons 2022 et 2023.;2024-12-20;Le Monde;economie
Les Français redoublent de créativité pour payer leurs cadeaux de Noël moins cher;https://www.lemonde.fr/economie/article/2024/12/20/les-francais-redoublent-de-creativite-pour-payer-leurs-cadeaux-de-noel-moins-cher_6459211_3234.html;Secret Santa, seconde main, fabrication maison… Après les longs mois d’inflation, nombre de ménages ont un pouvoir d’achat contraint. Et cherchent à limiter les dépenses pour les fêtes de fin d’année.;2024-12-20;Le Monde;economie
L’Europe décroche et la France regarde ailleurs;https://www.lemonde.fr/idees/article/2024/12/20/l-europe-decroche-et-la-france-regarde-ailleurs_6458868_3232.html;Malgré le bilan inquiétant dressé par le rapport Draghi, le débat politique ne parvient pas à se hisser à la hauteur des enjeux et reste dans le déni.;2024-12-20;Le Monde;economie
Les livres de cuisine, le soufflé retombe après le Covid-19;https://www.lemonde.fr/economie/article/2024/12/20/les-livres-de-cuisine-le-souffle-retombe-apres-le-covid-19_6459144_3234.html;Après un pic en 2021, les ventes de livres de cuisine se tassent, même si des phénomènes de librairies perdurent comme la série « Simplissime », vendue déjà à plus de six millions d’exemplaires.;2024-12-20;Le Monde;economie
