Titre;URL;Description;Date;Presse;Catégorie
Énergie renouvelable : 300 kits solaires pour des CSB II;https://midi-madagasikara.mg/300-kits-solaires-pour-des-csb-ii/;"Lutte contre la mortalité maternelle et élimination des besoins non satisfaits. C&rsquo;est dans ce sens que Yas Madagascar offrira 300 kits scolaires Mbalik aux CSB II identifiés par l&rsquo;agence directrice des Nations Unies en charge de santé sexuelle et reproductive, l&rsquo;UNFPA à Madagascar et le ministère de la Santé. L&rsquo;objectif étant de favoriser l&rsquo;accès aux soins de santé surtout pour les accouchements sans danger. En tant qu&rsquo;acteur engagé pour le développement durab";2024-12-20;Midi Madagasikara;societe
Illuminations de Noël à Ambohijatovo : Un tarif d’entrée à 500 ariary;https://midi-madagasikara.mg/un-tarif-dentree-a-500-ariary/;Plus de grandes illuminations dans les rues d’Antaninarenina, cette année, comme les années précédentes. Ces illuminations de Noël ont été déplacées vers le jardin d’Ambohijatovo où les visiteurs pourront les admirer à compter de ce soir. Le jardin a ainsi été paré de lumières et prêt à briller de mille feux durant cette période des fêtes de fin d’année. Ainsi, pendant 17 jours, du 20 décembre 2024 au 5 janvier 2025, les illuminations de Noël brilleront pour les visiteurs à Antananarivo. Toutefo;2024-12-20;Midi Madagasikara;societe
Bazar de Noël : Rush à Mahamasina;https://midi-madagasikara.mg/rush-a-mahamasina/;"Plusieurs espaces sont aménagés par la Commune urbaine d&rsquo;Antananarivo pour le Bazar de Noël. 100 stands sont installés aux alentours du stade Barea et 60 autres au jardin d&rsquo;Anosy dédiés à la confection, aux produits alimentaires et aux articles artisanaux. Pour Ambodin&rsquo;Isotry, 250 stands spécialisés en vêtements, chaussures et sacs y sont installés. Les stands pour les enfants ne sont pas en reste puisque des stands dédiés aux jouets et aux divertissements sont installés à Anta";2024-12-20;Midi Madagasikara;societe
"Noël 2024 : Les enfants d&rsquo;Ankorondrano Est, gâtés par le groupe Midi";https://midi-madagasikara.mg/les-enfants-dankorondrano-est-gates-par-le-groupe-midi/;"<strong><em>La joie et la bonne humeur étaient au rendez-vous au Fokontany Ankorondrano-Est hier. Un moment durant lequel il était question pour le Groupe Midi de donner le sourire aux enfants issus des familles vulnérables de cette partie d&rsquo;Antananarivo.</em></strong>";2024-12-20;Midi Madagasikara;societe
