Titre;URL;Description;Date;Presse;Catégorie
En Bade-Wurtemberg, berceau de l’automobile allemande, la confiance demeure face à la crise qui vient;https://www.lemonde.fr/international/article/2024/12/18/en-bade-wurtemberg-berceau-de-l-automobile-allemande-la-confiance-demeure-face-a-la-crise-qui-vient_6455668_3210.html;La région du Sud-Ouest, qui a bâti sa fortune et son identité sur l’industrie automobile, subit une concurrence brutale venue de Chine. A Stuttgart, opulente capitale du Land, la population commence tout juste à prendre la mesure de la vague qui s’annonce.;2024-12-18;Le Monde;international
James Jeffrey, ancien envoyé spécial des Etats-Unis pour la Syrie : « Evidemment, les Etats-Unis doivent parler avec Al-Joulani »;https://www.lemonde.fr/international/article/2024/12/18/james-jeffrey-ancien-envoye-special-des-etats-unis-pour-la-syrie-evidemment-les-etats-unis-doivent-parler-avec-al-joulani_6455563_3210.html;L’ancien membre de l’administration du premier mandat de Donal Trump analyse les options qui s’offrent à Washington dans la situation au Proche-Orient.;2024-12-18;Le Monde;international
La Turquie dans l’ombre de l’histoire de la Syrie, du début de la guerre civile à la chute du dictateur;https://www.lemonde.fr/international/article/2024/12/18/du-debut-de-la-guerre-a-la-chute-du-dictateur-la-turquie-dans-l-ombre-de-l-histoire-syrienne_6455007_3210.html;S’impliquant dès 2011 aux côtés des opposants au régime de Bachar Al-Assad, le président turc, Recep Tayyip Erdogan, apparaît aujourd’hui comme le grand gagnant régional du changement de régime.;2024-12-18;Le Monde;international
En Iran, des administrations et des entreprises contraintes de fermer en raison de pénuries d’énergie;https://www.lemonde.fr/international/article/2024/12/18/en-iran-des-administrations-et-des-entreprises-contraintes-de-fermer-en-raison-de-penuries-d-energie_6455952_3210.html;Le mauvais état des infrastructures et un froid précoce provoquent des coupures d’électricité, perturbant la vie quotidienne et l’activité économique.;2024-12-18;Le Monde;international
Les autorités russes ont arrêté un Ouzbek, qu’elles accusent d’être impliqué dans l’assassinat du général Igor Kirillov;https://www.lemonde.fr/international/live/2024/12/18/en-direct-guerre-en-ukraine-volodymyr-zelensky-a-bruxelles-pour-rencontrer-des-dirigeants-europeens_6449358_3210.html;Le président ukrainien a annoncé mercredi être arrivé à Bruxelles où il doit rencontrer les dirigeants des principales puissances européennes, dont Emmanuel Macron, pour évoquer la guerre en Ukraine, à quelques semaines du retour de Donald Trump à la Maison Blanche.;2024-12-18;Le Monde;international
TikTok aux Etats-Unis : la Cour suprême examinera la loi menaçant le réseau social chinois d’interdiction;https://www.lemonde.fr/international/article/2024/12/18/tiktok-aux-etats-unis-la-cour-supreme-examinera-la-loi-menacant-le-reseau-social-chinois-d-interdiction_6456192_3210.html;L’entrée en vigueur de la loi contraignant TikTok à vendre sous peine d’être interdit aux Etats-Unis, prévue le 19 janvier, n’a pas été suspendue par la Cour, mais les débats sont prévus le 10 janvier.;2024-12-18;Le Monde;international
En direct, guerres au Proche-Orient : des étudiants israéliens dans les rues pour demander un accord sur la libération des otages;https://www.lemonde.fr/international/live/2024/12/18/en-direct-guerres-au-proche-orient-des-etudiants-israeliens-dans-les-rues-pour-demander-un-accord-sur-la-liberation-des-otages_6454724_3210.html;Des centaines d’élèves israéliens sont descendus dans les rues mercredi pour demander un accord immédiat sur la libération des derniers otages détenus par le Hamas dans la bande de Gaza, alors que des progrès semblent avoir été accomplis dans les négociations sur un possible cessez-le-feu.;2024-12-18;Le Monde;international
Facebook et Instagram ont limité la portée des médias palestiniens, selon une enquête de la BBC;https://www.lemonde.fr/pixels/article/2024/12/18/facebook-et-instagram-ont-limite-la-portee-des-medias-palestiniens-selon-une-enquete-de-la-bbc_6455773_4408996.html;La BBC révèle que Meta a entravé la visibilité des médias et des internautes palestiniens. Des durcissements assumés par l’entreprise, qui évoque « des mesures temporaires » prises au lendemain du 7-Octobre.;2024-12-18;Le Monde;international
« En Syrie, Ahmed Al-Charaa pourrait être poussé vers un islamisme pragmatique, voire technocratique »;https://www.lemonde.fr/idees/article/2024/12/18/en-syrie-ahmed-al-charaa-pourrait-etre-pousse-vers-un-islamisme-pragmatique-voire-technocratique_6455772_3232.html;La victoire du chef de HTC, le groupe armé issu d’Al-Qaida qui a renversé Bachar Al-Assad, pourrait accélérer sa mutation d’un djihadisme vers un islamisme conservateur dans un cadre national, estime, dans sa chronique Gilles Paris, éditorialiste au « Monde ».;2024-12-18;Le Monde;international
« L’Age du feu » : histoire d’un embrasement;https://www.lemonde.fr/idees/article/2024/12/18/l-age-du-feu-histoire-d-un-embrasement_6455770_3232.html;Dans un récit implacable consacré au mégafeu canadien de Fort McMurray, en 2016, le journaliste et écrivain américain John Vaillant montre que c’est notre appétit pour le pétrole qui nourrit ces incendies catastrophiques pour le climat et la biodiversité.;2024-12-18;Le Monde;international
