Titre;URL;Description;Date;Presse;Catégorie
Les États-Unis lancent de nouvelles sanctions : les routeurs TP-Link chinois dans le collimateur;https://midi-madagasikara.mg/les-etats-unis-lancent-de-nouvelles-sanctions-les-routeurs-tp-link-chinois-dans-le-collimateur/;Dans un contexte de tension croissante entre la Chine et les États-Unis, de plus en plus de produits technologiques chinois deviennent des cibles des actions américaines. Selon des informations obtenues par le Wall Street Journal, les départements américains du Commerce et de la Justice ont lancé une enquête sur TP-Link, une entreprise chinoise, dans le but d’imposer une nouvelle série de sanctions au nom de la sécurité nationale, et pourraient interdire la vente de ses routeurs aux États-Unis d;2024-12-26;Midi Madagasikara;monde
Le Royaume-Uni annonce des sanctions contre des entreprises chinoises : quelle est son intention ?;https://midi-madagasikara.mg/le-royaume-uni-annonce-des-sanctions-contre-des-entreprises-chinoises-quelle-est-son-intention/;"Le 7 novembre, le gouvernement britannique a soudainement annoncé des sanctions contre plusieurs entités et individus, dont 10 entreprises chinoises, sous prétexte qu&rsquo;ils soutiendraient l&rsquo;industrie militaire russe.<br>Pourtant, en octobre, le Parti travailliste britannique, tout juste arrivé au pouvoir, multipliait les gestes de rapprochement envers la Chine. Par exemple, il s&rsquo;était engagé à ne pas enquêter sur les subventions aux véhicules électriques chinois et à ne pas impos";2024-12-26;Midi Madagasikara;monde
"Témoin de l&rsquo;histoire : Lancement du système natif Harmony de Huawei";https://midi-madagasikara.mg/temoin-de-lhistoire-lancement-du-systeme-natif-harmony-de-huawei/;"<strong>Le 22 octobre, la nuit du Harmony natif et la conférence de lancement des nouveaux produits Huawei se sont tenues officiellement à Shenzhen, marquant le lancement officiel du système d&rsquo;exploitation natif Harmony de Huawei.</strong>";2024-12-26;Midi Madagasikara;monde
"Exploitation et d&rsquo;abus sexuels en ligne : Plus de 300 millions d&rsquo;enfants victimes par an";https://midi-madagasikara.mg/exploitation-et-dabus-sexuels-en-ligne-plus-de-300-millions-denfants-victimes-par-an/;"<em><strong>Le chiffre est très alarmant. Rien qu&rsquo;en Afrique subsaharienne, les enfants âgés de 5 à 17 ans sont impliqués dans le travail des enfants au lieu de jouer et d&rsquo;aller à l&rsquo;école. Ils luttent contre la pauvreté pour leurs familles et sont privés de leur enfance et de leur avenir. Une centaine de millions de cas d’exploitation et d’abus sexuels en ligne envers les enfants ont aussi été signalés.</strong></em>";2024-12-26;Midi Madagasikara;monde
Exploitation des enfants : « La situation de plus en plus inquiétante en Afrique », selon l’ONG Terre des Hommes.;https://midi-madagasikara.mg/exploitation-des-enfants-la-situation-de-plus-en-plus-inquietante-en-afrique-selon-long-terre-des-hommes/;"<strong>L’Afrique reste un terrain fertile pour l’exploitation des enfants. Les conflits armés, les changements climatiques, des pratiques culturelles, les flux migratoires ne font qu’accélérer la vulnérabilité des enfants dans ce continent. M. Raphael Kariuki, Directeur régional de Terre des Hommes Netherlands pour l&rsquo;Afrique nous livre un point sur la situation.</strong>";2024-12-26;Midi Madagasikara;monde
<strong>Réunion</strong> : <strong>50 000 euros pour les victimes du cyclone Freddy</strong>;https://midi-madagasikara.mg/reunion-50-000-euros-pour-les-victimes-du-cyclone-freddy/;Le département de La Réunion par le biais du Vice-président du Conseil département de la Réunion délégué aux travaux bâtimentaires et valorisation du patrimoine, Eric Ferrere a présenté ses condoléances aux familles des victimes du cyclone Freddy et a exprimé son soutien à la population malgache. Il a ainsi annoncé l’octroi, par La Réunion, d’une enveloppe de 50 000 euros en faveur des victimes. Le président du sénat de Madagascar, au nom du président de la République de Madagascar, SEM Andry Ra;2024-12-26;Midi Madagasikara;monde
Ayman al-Zawahiri : le leader d’Al-Qaida tué lors d’une attaque;https://midi-madagasikara.mg/le-leader-dal-qaida-tue-lors-dune-attaque/;Les Etats-Unis ont confirmé ce lundi avoir mené une opération anti-terroriste dans la capitale afghane, Kaboul. Cette opération visait a tuer le leader d’Al-Qaida, Ayman al-Zawahiri.;2024-12-26;Midi Madagasikara;monde
Le premier navire de céréales a quitté l’Ukraine;https://midi-madagasikara.mg/le-premier-navire-de-cereales-a-quitte-lukraine/;C’est une bonne nouvelle pour les marchés mondiaux. Le premier navire de céréales a quitté l’Ukraine. Les autorités Ukrainiennes et Turques ont confirmé le départ du navire Razoni ce lundi 01 août 2022. Le bateau a quitté le port d’Odessa en direction de Tripoli. Il atteindra les eaux territoriales turques dans journée de mardi. Les autorités procéderont à une inspection du navire avant que celui-ci continue son voyage vers le Liban.;2024-12-26;Midi Madagasikara;monde
Turbulences dans les aéroports;https://midi-madagasikara.mg/turbulences-dans-les-aeroports/;En cette période de grandes vacances, les voyageurs sont confrontés à de fortes turbulences dans les aéroports à travers le monde. Voyager par avion est devenu synonyme de retards, d’annulations et d’anxiété. Les grèves de personnels et les problèmes techniques dans certains grands aéroports n’ont pas aidé à fluidifier l’expérience des voyageurs.;2024-12-26;Midi Madagasikara;monde
Les autorités chinoises confinent un million d’habitants à Wuhan;https://midi-madagasikara.mg/la-ville-de-wuhan-confine-un-million-dhabitants/;"La ville de Wuhan, connue comme l’épicentre de la pandémie de COVID-19, a ordonné le confinement de l’un de ses districts. Le district de Jiangxia et ses près d’un million d’habitants se retrouvent de nouveau isolés. Pour cause, quatre cas asymptomatiques ont été décelés. Deux personnes ont été testées positif lors d’un contrôle de routine et les deux autres sont des cas contact. Cette mesure restrictive se conforme à la politique «&nbsp;tolérance zéro&nbsp;» voulue par le gouvernement central.";2024-12-26;Midi Madagasikara;monde
