Titre;URL;Description;Date;Presse;Catégorie
En direct, gouvernement Bayrou : les ministres prennent leurs fonctions au lendemain de leur nomination;https://www.lemonde.fr/politique/live/2024/12/24/en-direct-gouvernement-bayrou-les-ministres-prennent-leurs-fonctions-au-lendemain-de-leur-nomination_6454840_823448.html;La plupart des passations des pouvoirs ont eu lieu dans la matinée, avant la réunion d’un premier conseil des ministres programmé après les fêtes, le 3 janvier.;2024-12-24;Le Monde;politique
Marie Barsacq veut appliquer « la méthode Paris 2024 » au ministère des sports;https://www.lemonde.fr/sport/article/2024/12/24/marie-barsacq-veut-appliquer-la-methode-paris-2024-au-ministere-des-sports_6465551_3242.html;Ancienne directrice exécutive du Comité d’organisation des Jeux olympiques et paralympiques, la nouvelle ministre des sports, de la jeunesse et de la vie associative a assuré, mardi, en prenant ses fonctions, qu’il fallait « oser et voir grand », mais aussi « faire preuve de pragmatisme ».;2024-12-24;Le Monde;politique
En images : les ministres du gouvernement de François Bayrou prennent leurs fonctions;https://www.lemonde.fr/videos/video/2024/12/24/en-images-les-ministres-du-gouvernement-de-francois-bayrou-prennent-leurs-fonctions_6465550_1669088.html;"<span class=""article__extra article__extra--inline""><span class=""icon__video icon__video--inline""></span> vidéo</span> La plupart des passations des pouvoirs ont eu lieu mardi matin. La réunion d’un premier conseil des ministres doit avoir lieu le 3 janvier.";2024-12-24;Le Monde;politique
Le pari manqué de François Bayrou;https://www.lemonde.fr/idees/article/2024/12/24/le-pari-manque-de-francois-bayrou_6465278_3232.html;Dans la formation de son gouvernement, le premier ministre n’est pas parvenu à faire évoluer les lignes de la tripartition politique issue des législatives de juin et se retrouve dans une situation aussi inconfortable que celle de Michel Barnier.;2024-12-24;Le Monde;politique
Gouvernement Bayrou : Laurent Marcangeli, un proche d’Edouard Philippe à la fonction publique;https://www.lemonde.fr/politique/article/2024/12/24/gouvernement-bayrou-laurent-marcangeli-un-proche-d-edouard-philippe-a-la-fonction-publique_6465243_823448.html;Pour la première fois, le président du groupe Horizons à l’Assemblée nationale intègre un gouvernement. Il aura pour délicate mission de ramener de l’apaisement dans le dialogue social après deux mois et demi de relations orageuses entre son prédécesseur, Guillaume Kasbarian, et les syndicats d’agents.;2024-12-24;Le Monde;politique
En Nouvelle-Calédonie, la démission du mouvement Calédonie ensemble provoque la chute du gouvernement local;https://www.lemonde.fr/politique/article/2024/12/24/en-nouvelle-caledonie-la-demission-du-mouvement-caledonie-ensemble-provoque-la-chute-du-gouvernement-local_6465142_823448.html;Dans le courrier annonçant sa démission, le parti affilié à Renaissance explique que la situation économique et sociale dans l’archipel impose « la solidarité entre les institutions ». « Je ne peux que constater que ça n’a pas été le cas et je le regrette », ajoute Jérémie Katidjo-Monnier, membre démissionnaire du gouvernement calédonien.;2024-12-24;Le Monde;politique
Un gouvernement Bayrou aux airs de déjà-vu, loin des promesses d’ouverture;https://www.lemonde.fr/politique/article/2024/12/24/un-gouvernement-bayrou-aux-airs-de-deja-vu-loin-des-promesses-d-ouverture_6464872_823448.html;Elisabeth Borne, Manuel Valls, Gérald Darmanin et nombre de sortants… Le premier ministre a nommé des personnalités expérimentées, qui pour beaucoup appartiennent à l’ex-majorité présidentielle. Un socle aussi restreint que celui de son prédécesseur, qui ne le met donc pas à l’abri d’une censure.;2024-12-24;Le Monde;politique
Manuel Valls, un revenant aux outre-mer pour résoudre les crises à Mayotte et en Nouvelle-Calédonie;https://www.lemonde.fr/politique/article/2024/12/24/manuel-valls-un-revenant-aux-outre-mer-pour-resoudre-les-crises-a-mayotte-et-en-nouvelle-caledonie_6464871_823448.html;L’ancien premier ministre, dont François Bayrou a salué la « personnalité un peu kamikaze », a été choisi pour son expertise sur le dossier néo-calédonien et, plus largement, pour son expérience de la gestion de crise.;2024-12-24;Le Monde;politique
« L’année 2024 restera dans les annales comme une annus horribilis, sans doute l’une des pires de la Vᵉ République »;https://www.lemonde.fr/idees/article/2024/12/24/l-annee-2024-restera-dans-les-annales-comme-une-annus-horribilis-sans-doute-l-une-des-pires-de-la-v-republique_6464870_3232.html;Avec quatre chefs de gouvernement différents en un an, pas de budget, une kyrielle de lois en souffrance, la France apparaît, au sortir de l’année, comme un pays sans cap et réduit à l’immobilisme, analyse dans sa chronique Solenn de Royer, journaliste au « Monde ».;2024-12-24;Le Monde;politique
Eric Lombard, un banquier « de gauche » à l’économie;https://www.lemonde.fr/economie/article/2024/12/24/eric-lombard-un-banquier-de-gauche-a-l-economie_6464803_3234.html;Nommé à Bercy, l’ancien directeur général de la Caisse des dépôts et consignations croit dans son profil et sa méthode pour faire adopter un budget 2025 combinant baisse du déficit et soutien à la croissance.;2024-12-24;Le Monde;politique
